n,RMSE,MAE,R2,model,subset,fold
3751,32.01980801491432,15.42426633164019,0.9072975760877032,rf_tuned,full,0
747,53.969012631709475,24.92535436729938,0.5403907348370169,rf_tuned,lambda500,0
303,71.62554782887045,32.25702568589163,-0.2031083756699188,rf_tuned,lambda600,0
61,41.18072530553066,23.927609437220223,0.600854009893223,rf_tuned,azo,0
1192,23.394563672703654,12.797616734444237,0.9408802116772667,rf_tuned,da,0
422,25.20825974030571,15.210620992558907,0.929369204330287,rf_tuned,dad,0
339,21.578325282049857,10.340503956252073,0.9371789018649934,rf_tuned,bodipy,0
11,14.685733209047351,10.075919398712136,0.8868503258567025,rf_tuned,cyanine,0
0,,,,rf_tuned,squaraine,0
286,22.197948985756774,13.751318738281821,0.9398725923791292,rf_tuned,stilbene,0
1809,37.89380327963743,16.774485304727122,0.894065988824541,rf_tuned,non_local,0
3751,30.743441618012614,14.792160303079086,0.9177398500749679,rf_tuned,full,1
786,51.33862635698084,24.359833922728036,0.6121519152327547,rf_tuned,lambda500,1
320,70.11079287644347,35.03784282560851,-0.14652134800913053,rf_tuned,lambda600,1
49,28.086142976396914,17.782981001948944,0.7488338370943475,rf_tuned,azo,1
1219,24.356524787084062,12.612590012874268,0.938378791668372,rf_tuned,da,1
450,24.34072862848371,13.676504494929565,0.9380386853774421,rf_tuned,dad,1
390,18.881841572640337,9.752470627550787,0.9516235491505671,rf_tuned,bodipy,1
13,16.103692203299705,12.215890353284617,0.8830879548646828,rf_tuned,cyanine,1
0,,,,rf_tuned,squaraine,1
319,30.19797967481554,16.915832372374147,0.9098891383283341,rf_tuned,stilbene,1
1867,36.56044947293896,16.710261014582063,0.9062511442952339,rf_tuned,non_local,1
3750,28.087496446626883,14.469479054732892,0.9307665657486777,rf_tuned,full,2
800,43.1110006620155,22.74592230154597,0.7164179941357384,rf_tuned,lambda500,2
324,53.59489706469353,30.63874123915301,0.24426454347011484,rf_tuned,lambda600,2
59,24.281323345372034,17.033782742196248,0.8160430650844069,rf_tuned,azo,2
1201,24.52413290092054,12.342290813255262,0.9382600901017456,rf_tuned,da,2
422,31.17083166334398,15.710060442952589,0.8872237172189213,rf_tuned,dad,2
349,18.214819899247072,9.070996899938953,0.9512238002401866,rf_tuned,bodipy,2
10,18.08586234299358,16.91971092706,0.8935091314686066,rf_tuned,cyanine,2
0,,,,rf_tuned,squaraine,2
313,28.726814604214308,16.30741284997609,0.9062795257760236,rf_tuned,stilbene,2
1835,31.740980261787254,15.758996348446903,0.9266879272928162,rf_tuned,non_local,2
3751,32.58213626533476,15.556850844194923,0.9080362780437092,rf_tuned,full,3
757,55.808541212748345,27.79982018077474,0.5671356578121625,rf_tuned,lambda500,3
308,75.6024122771596,41.58583025239734,-0.27828137902056604,rf_tuned,lambda600,3
44,29.27596040619154,19.827174663137114,0.7698892129552573,rf_tuned,azo,3
1239,23.932206681821437,11.994396040168443,0.9363451798075079,rf_tuned,da,3
463,25.581557599209017,14.002047828390964,0.9173545398236596,rf_tuned,dad,3
341,23.80072915140439,11.709574532818673,0.9379469016001811,rf_tuned,bodipy,3
12,10.142857953462714,8.673591379416626,0.9472293059375931,rf_tuned,cyanine,3
0,,,,rf_tuned,squaraine,3
318,25.72611346757016,14.101045738157737,0.928449011945178,rf_tuned,stilbene,3
1870,37.836583905682076,17.008221102963205,0.9009674716308359,rf_tuned,non_local,3
3751,33.24825107372211,15.541359245330653,0.9047891251823174,rf_tuned,full,4
796,55.52929649406965,25.97111760258275,0.5494817073916853,rf_tuned,lambda500,4
317,76.42978038542637,37.50255020083087,-0.2844828462298612,rf_tuned,lambda600,4
51,40.31707438265077,27.64494325266954,0.5729022229829734,rf_tuned,azo,4
1208,25.332925291182182,13.129860323975437,0.9351150412406066,rf_tuned,da,4
431,25.888814118495045,13.756446740526757,0.921738870606834,rf_tuned,dad,4
347,28.794269335744083,10.368767561716492,0.9025736612907336,rf_tuned,bodipy,4
13,23.721242059886432,17.75224876423079,0.7145863034402119,rf_tuned,cyanine,4
0,,,,rf_tuned,squaraine,4
301,31.929782831146138,16.548764707251852,0.8944253905313129,rf_tuned,stilbene,4
1847,39.75331767761793,17.46967891744214,0.8908656799382357,rf_tuned,non_local,4
3751,34.553875075501395,20.145316680485625,0.8920439066472732,xgboost_v2,full,0
747,53.72831524466755,28.08367567256526,0.544481232352941,xgboost_v2,lambda500,0
303,70.85006969403389,35.23268476451243,-0.17719768784593914,xgboost_v2,lambda600,0
61,43.60336012578367,26.858901227106813,0.5525096201481343,xgboost_v2,azo,0
1192,26.750309182607396,17.342291344576147,0.9227033658630514,xgboost_v2,da,0
422,27.26012968078612,18.699467135489485,0.9174030133202699,xgboost_v2,dad,0
339,23.144249132715363,15.25688166885601,0.9277303013630146,xgboost_v2,bodipy,0
11,19.76174788350443,18.472517533735797,0.795113781104459,xgboost_v2,cyanine,0
0,,,,xgboost_v2,squaraine,0
286,26.784882161411478,19.752297469225308,0.9124560250609348,xgboost_v2,stilbene,0
1809,39.03448797393462,21.022603897415912,0.8875923163255023,xgboost_v2,non_local,0
3751,33.58263133156167,19.790820615252496,0.9018446506402898,xgboost_v2,full,1
786,51.32015631589418,27.186783611036397,0.6124309363891205,xgboost_v2,lambda500,1
320,70.83369504895784,37.34533169211425,-0.17028646817314774,xgboost_v2,lambda600,1
49,31.248307803495546,23.466989322584503,0.6890934053962472,xgboost_v2,azo,1
1219,28.456973070513552,17.989553552032433,0.9158843180349377,xgboost_v2,da,1
450,28.121416486128382,18.645415578380206,0.9172957439301374,xgboost_v2,dad,1
390,23.722096968320937,14.85271946051182,0.9236425427011645,xgboost_v2,bodipy,1
13,25.64576175535046,22.69542752779447,0.7034898651630409,xgboost_v2,cyanine,1
0,,,,xgboost_v2,squaraine,1
319,34.7415822504168,22.939101935352177,0.8807329291548902,xgboost_v2,stilbene,1
1867,38.2801438969245,21.155845490243056,0.8972243940161213,xgboost_v2,non_local,1
3751,30.727362945055308,19.343210645345877,0.9172042921332587,xgboost_v2,full,2
801,42.39031444527144,26.137216013187615,0.7255738797708977,xgboost_v2,lambda500,2
325,51.47409321584302,32.382908696498795,0.3015849214814941,xgboost_v2,lambda600,2
59,27.561221846341528,22.30453956733316,0.7629890594284231,xgboost_v2,azo,2
1201,26.396548937399945,17.290936234451923,0.928472512200487,xgboost_v2,da,2
422,33.41803955989812,21.31873691731617,0.8703767417611825,xgboost_v2,dad,2
349,23.560461560941228,14.55575921572909,0.9183933056549825,xgboost_v2,bodipy,2
10,29.46298690005407,25.553680419921875,0.7173900341928963,xgboost_v2,cyanine,2
0,,,,xgboost_v2,squaraine,2
313,34.291122945800154,22.11561085411966,0.8664564401250023,xgboost_v2,stilbene,2
1836,32.60498612528919,20.034139422572533,0.9226710204285237,xgboost_v2,non_local,2
3751,35.153699559262186,20.774759643618626,0.8929468374143745,xgboost_v2,full,3
757,56.391308156498575,32.159831172417846,0.5580482994747712,xgboost_v2,lambda500,3
308,75.14020702700675,44.060624380832735,-0.2626992753940649,xgboost_v2,lambda600,3
44,32.695610631000626,22.929615367542613,0.7129922783808688,xgboost_v2,azo,3
1239,26.12031611171033,17.126476479982756,0.9241732114147854,xgboost_v2,da,3
463,28.110106142380967,18.547633944214027,0.9002093147252892,xgboost_v2,dad,3
341,29.82458407215889,18.612860556287803,0.9025612422281264,xgboost_v2,bodipy,3
12,21.642020726735637,18.7274653116862,0.7597475989340347,xgboost_v2,cyanine,3
0,,,,xgboost_v2,squaraine,3
318,30.327996036768877,20.335644521114634,0.9005614682668966,xgboost_v2,stilbene,3
1870,39.59825433572008,22.073780494645828,0.8915308815682402,xgboost_v2,non_local,3
3751,34.5750924368396,20.233448421671778,0.8970383142707408,xgboost_v2,full,4
796,52.7190340263136,28.15260888692829,0.5939280650905006,xgboost_v2,lambda500,4
317,70.81813176241656,37.67392101062451,-0.10278796156420045,xgboost_v2,lambda600,4
51,36.350846529873984,26.824714810240504,0.6528010930218351,xgboost_v2,azo,4
1208,27.075518706459153,17.55208449358185,0.9258814492002951,xgboost_v2,da,4
431,26.31890641917797,17.333986910912124,0.919116958094096,xgboost_v2,dad,4
347,23.238196329843877,14.100604564655756,0.9365445263916807,xgboost_v2,bodipy,4
13,41.815637315829214,35.51398174579327,0.11309439298831347,xgboost_v2,cyanine,4
0,,,,xgboost_v2,squaraine,4
301,34.88018697302538,22.70678778924548,0.8740131659141397,xgboost_v2,stilbene,4
1847,39.05598477187646,21.27441891226778,0.8946608586493846,xgboost_v2,non_local,4
3751,30.794680107591322,15.235409238688277,0.9142557439308441,chemprop_v2,full,0
747,42.861299007691706,19.20988808670149,0.7101118331519771,chemprop_v2,lambda500,0
303,58.83579146889931,24.546235516564817,0.18819441110686674,chemprop_v2,lambda600,0
61,31.38937104490463,19.27927436203253,0.7680955858775529,chemprop_v2,azo,0
1192,21.361725869703694,12.8533592979289,0.9507080900738777,chemprop_v2,da,0
422,24.20723122679574,14.286628375804392,0.9348673713878206,chemprop_v2,dad,0
339,20.473582724956533,12.112174893269495,0.9434467265803539,chemprop_v2,bodipy,0
11,28.16185087393667,21.23432783647017,0.5839127309843841,chemprop_v2,cyanine,0
0,,,,chemprop_v2,squaraine,0
286,20.323391233471693,14.3954030110973,0.9495990019003834,chemprop_v2,stilbene,0
1809,31.754540403982507,15.128790533234433,0.9256106630966412,chemprop_v2,non_local,0
3751,35.39568646747514,19.956640052678814,0.8909601592598209,chemprop_v2,full,1
786,52.91945802119604,26.78067214021748,0.5878987441710888,chemprop_v2,lambda500,1
320,74.98405992299087,37.16463986665038,-0.3114456312802647,chemprop_v2,lambda600,1
49,27.3057722325836,19.802358199139032,0.7625971913024469,chemprop_v2,azo,1
1219,27.126783817453685,17.50138740453689,0.9235643123138582,chemprop_v2,da,1
450,26.0551061960484,17.953540970908854,0.9290031353719378,chemprop_v2,dad,1
390,23.85547325658138,16.47775379669972,0.9227814970244607,chemprop_v2,bodipy,1
13,29.027619859976433,23.079087477463943,0.6201333301581746,chemprop_v2,cyanine,1
0,,,,chemprop_v2,squaraine,1
319,35.26557939465704,23.23488365279315,0.8771080564849373,chemprop_v2,stilbene,1
1867,38.717467455763845,20.630867827435182,0.8948627031550058,chemprop_v2,non_local,1
3750,26.057556977785012,15.524400411199375,0.940412219948585,chemprop_v2,full,2
800,33.11885828464133,19.64527007031592,0.8326394182871026,chemprop_v2,lambda500,2
324,35.95088386352597,22.5168511072989,0.65995056292085,chemprop_v2,lambda600,2
59,23.2325134273865,16.845383983547404,0.8315915596809885,chemprop_v2,azo,2
1201,21.616758080553698,14.199678708943393,0.9520310962041684,chemprop_v2,da,2
422,24.782016280586255,15.63942276610356,0.9287156371638841,chemprop_v2,dad,2
349,20.774291101678234,12.435182270858704,0.9365530684279098,chemprop_v2,bodipy,2
10,29.458207766347318,22.902157592773438,0.7174817099809919,chemprop_v2,cyanine,2
0,,,,chemprop_v2,squaraine,2
313,29.676123901315293,19.469786421474392,0.8999829857652165,chemprop_v2,stilbene,2
1835,26.39838584083268,15.98662166412487,0.9492904714728625,chemprop_v2,non_local,2
3751,32.70026919280294,16.0262264803354,0.9073682040852313,chemprop_v2,full,3
757,48.12084527691464,22.46640032331056,0.6781770841891432,chemprop_v2,lambda500,3
308,64.474141726687,29.98656253921342,0.07033539642399811,chemprop_v2,lambda600,3
44,29.12420171737374,20.533476396040484,0.7722686942435366,chemprop_v2,azo,3
1239,20.76908245734018,12.742459246754565,0.9520597353457156,chemprop_v2,da,3
463,22.03395177192506,13.893515387118235,0.9386873872959853,chemprop_v2,dad,3
341,21.85310393981953,13.440381770823405,0.9476870501722068,chemprop_v2,bodipy,3
12,29.322707223405367,25.547414143880207,0.5589576965743894,chemprop_v2,cyanine,3
0,,,,chemprop_v2,squaraine,3
318,27.565489540471027,16.259519041067218,0.9178516787228351,chemprop_v2,stilbene,3
1870,33.86601886847809,16.33290282189589,0.9206618040357335,chemprop_v2,non_local,3
3751,33.50931706058594,17.435225447082235,0.9032880593293036,chemprop_v2,full,4
796,49.52731212430042,23.191319369024566,0.6416085790022303,chemprop_v2,lambda500,4
317,70.19724532912039,30.80260607513617,-0.08353570108659558,chemprop_v2,lambda600,4
51,34.82428220749811,22.54574405445772,0.6813502087255849,chemprop_v2,azo,4
1208,24.387392610565172,14.885861933253732,0.9398682160743517,chemprop_v2,da,4
431,23.15193400610479,14.734581173506381,0.9374112399152734,chemprop_v2,dad,4
347,24.823319891527913,13.159079850166608,0.927592428020636,chemprop_v2,bodipy,4
13,38.65774017282944,34.04562847430889,0.2419935773993248,chemprop_v2,cyanine,4
0,,,,chemprop_v2,squaraine,4
301,31.141162009999825,19.270787172919693,0.8995760771886364,chemprop_v2,stilbene,4
1847,36.59151092351855,17.663059787793127,0.907535447175974,chemprop_v2,non_local,4
3751,35.4232478459503,18.787387257980317,0.8865432345240397,bigru_tuned,full,0
747,53.314751488139315,25.944228557670264,0.5514667861893523,bigru_tuned,lambda500,0
303,67.17683639622561,31.178198227649286,-0.05829789371969252,bigru_tuned,lambda600,0
61,49.250041435770896,31.83693507460297,0.42910401575295287,bigru_tuned,azo,0
1192,28.268498450225277,15.894928395763422,0.9136805922208279,bigru_tuned,da,0
422,28.359975720365213,17.323794657395958,0.9106035901415583,bigru_tuned,dad,0
339,24.964090181985313,14.494780936002028,0.9159182894847797,bigru_tuned,bodipy,0
11,8.769390517127208,6.9906005859375,0.9596539650915843,bigru_tuned,cyanine,0
0,,,,bigru_tuned,squaraine,0
286,27.335009736763254,16.99085654874208,0.9088230106807703,bigru_tuned,stilbene,0
1809,39.588188150551915,19.53932127351265,0.8843807158852534,bigru_tuned,non_local,0
3751,35.51220568556798,17.914744787689635,0.8902410801591036,bigru_tuned,full,1
786,56.17503899185749,27.30420508174201,0.5356345199676033,bigru_tuned,lambda500,1
320,77.88411950871931,39.28278705139526,-0.41484940845765794,bigru_tuned,lambda600,1
49,36.6897846261101,27.49339636977838,0.5713851132709482,bigru_tuned,azo,1
1219,29.490336260720838,15.653488926910345,0.9096643833100448,bigru_tuned,da,1
450,28.911250905235566,17.603526520161022,0.9125847427428095,bigru_tuned,dad,1
390,24.399022995873185,14.100645235501803,0.9192225429624056,bigru_tuned,bodipy,1
13,15.027724832619645,12.064347487229567,0.8981889763703659,bigru_tuned,cyanine,1
0,,,,bigru_tuned,squaraine,1
319,38.28183260858458,19.567489881972474,0.8551872484623217,bigru_tuned,stilbene,1
1867,41.17923302181041,19.811951907831016,0.8810678062226737,bigru_tuned,non_local,1
3751,32.0215998831488,17.334760422898476,0.9100826919935562,bigru_tuned,full,2
801,42.537952793052504,23.933617096482912,0.7236589907493316,bigru_tuned,lambda500,2
325,51.813329304489365,30.369319159129805,0.29234888403889503,bigru_tuned,lambda600,2
59,34.55337221784633,22.72142571918035,0.6274776472953769,bigru_tuned,azo,2
1201,28.563203517625144,15.3711659919756,0.916248518523512,bigru_tuned,da,2
422,34.96404432304087,18.776599560832903,0.8581059056649629,bigru_tuned,dad,2
349,21.035807785194777,12.845703354505059,0.9349456135443501,bigru_tuned,bodipy,2
10,29.498986052453347,24.889443969726564,0.7166990021119748,bigru_tuned,cyanine,2
0,,,,bigru_tuned,squaraine,2
313,35.574629347961036,19.777204518808656,0.8562723575185688,bigru_tuned,stilbene,2
1836,33.32073425413917,18.06501138761819,0.9192386879864662,bigru_tuned,non_local,2
3751,35.91061138821051,18.757834244359007,0.8882871769702597,bigru_tuned,full,3
757,57.5614238151071,30.33133509889263,0.5395170798429672,bigru_tuned,lambda500,3
308,75.9942447134669,42.32953170637429,-0.2915658775629222,bigru_tuned,lambda600,3
44,33.8236108264808,22.336929321289062,0.6928471050677834,bigru_tuned,azo,3
1239,26.911519162119454,14.720088400344908,0.9195099429764829,bigru_tuned,da,3
463,30.288778896049514,16.91892771299482,0.8841413232825858,bigru_tuned,dad,3
341,31.259714141604956,19.246139462327026,0.8929583114178252,bigru_tuned,bodipy,3
12,15.863255397042794,13.792780558268229,0.8709206552250366,bigru_tuned,cyanine,3
0,,,,bigru_tuned,squaraine,3
318,33.97062803904741,17.84062614355837,0.8752402701012072,bigru_tuned,stilbene,3
1870,41.24017969674706,20.47642119879972,0.8823491343526513,bigru_tuned,non_local,3
3751,34.68782764920759,17.675612488124784,0.8963657878832506,bigru_tuned,full,4
796,52.83178442174801,25.273067280245463,0.5921892725608876,bigru_tuned,lambda500,4
317,75.32910784310441,36.92409076975799,-0.24775331764382402,bigru_tuned,lambda600,4
51,39.94573166174421,27.824311499502144,0.5807336074496678,bigru_tuned,azo,4
1208,27.45980974358174,15.270674518515236,0.9237625439513885,bigru_tuned,da,4
431,31.746665700974024,17.512683719140625,0.8823158339899058,bigru_tuned,dad,4
347,34.50969805238102,15.393345409030527,0.8600584836228944,bigru_tuned,bodipy,4
13,20.20627123112233,17.56506817157452,0.7929037111280178,bigru_tuned,cyanine,4
0,,,,bigru_tuned,squaraine,4
301,37.45569294278327,20.325606158486035,0.8547208713750396,bigru_tuned,stilbene,4
1847,39.45224409786299,18.750136076529504,0.8925124877310724,bigru_tuned,non_local,4
3751,49.31063180923905,23.876414041919652,0.7801457948200934,chemberta,full,0
747,96.85121361135059,62.84076394761756,-0.480164431239241,chemberta,lambda500,0
303,143.69976364638663,121.4709202943585,-3.842626167881712,chemberta,lambda600,0
61,43.16450341060248,25.42152880058914,0.5614720431973624,chemberta,azo,0
1192,42.05170508850052,21.275814042040036,0.808983804409869,chemberta,da,0
422,37.59725669171105,21.976105885557985,0.8428839024483733,chemberta,dad,0
339,64.04179957538277,40.49426103890118,0.446653577102339,chemberta,bodipy,0
11,42.78222139892141,33.48884721235795,0.03974030452151134,chemberta,cyanine,0
0,,,,chemberta,squaraine,0
286,37.585684278754385,21.311701805844354,0.8276180836249334,chemberta,stilbene,0
1809,64.7821186415804,33.45794916017827,0.6903940353408564,chemberta,non_local,0
3751,48.66087044837369,23.537923566381256,0.7939159995315552,chemberta,full,1
786,95.05872190210927,62.20437532996456,-0.32971051833549225,chemberta,lambda500,1
320,144.1182166049444,124.24534066497863,-3.8445132397012847,chemberta,lambda600,1
49,32.5648136542229,22.21397555604273,0.6623442724898938,chemberta,azo,1
1219,42.38281035942676,21.346325111009442,0.8134139948736973,chemberta,da,1
450,39.88973571332912,22.418079663717446,0.8335913902179793,chemberta,dad,1
390,65.05664601585902,39.60442141801883,0.4257134522026881,chemberta,bodipy,1
13,25.44357298397707,15.602611835186298,0.7081467512663828,chemberta,cyanine,1
0,,,,chemberta,squaraine,1
319,46.14588990625807,25.737186585488093,0.7895798059069664,chemberta,stilbene,1
1867,64.19862259151752,33.573462563524366,0.7109357768911438,chemberta,non_local,1
3751,47.69976817380102,23.048677861876882,0.8004784639250095,chemberta,full,2
801,90.83981051758163,59.661307548285826,-0.26021489608322224,chemberta,lambda500,2
325,135.98287806369765,119.17187233077644,-3.8742147002411214,chemberta,lambda600,2
59,33.919846683531134,20.686008259401483,0.6410125870906173,chemberta,azo,2
1201,43.44173385333379,20.789449017436315,0.8062717432616777,chemberta,da,2
422,40.867719850343846,20.461048290203827,0.8061428554623352,chemberta,dad,2
349,62.15457777780042,37.93579629502373,0.43205740836057616,chemberta,bodipy,2
10,28.33039032655751,18.226132202148438,0.7387002203876458,chemberta,cyanine,2
0,,,,chemberta,squaraine,2
313,45.26135511438289,25.716350830284046,0.7673437952571003,chemberta,stilbene,2
1836,61.7731312326711,32.208998072013294,0.722429395179645,chemberta,non_local,2
3751,53.037078453282156,25.677368869457833,0.7563218357160855,chemberta,full,3
757,105.31572140930635,71.28709320132512,-0.541476415775064,chemberta,lambda500,3
308,158.11686041379207,139.59213998842964,-4.591283604355887,chemberta,lambda600,3
44,39.86913965357432,23.737795049493965,0.5732353843278546,chemberta,azo,3
1239,45.45861655923814,20.870411996359998,0.7703331914284681,chemberta,da,3
463,40.32685148872878,21.007011031136944,0.79462212038076,chemberta,dad,3
341,78.49149575615519,49.77303196384484,0.3251175146837425,chemberta,bodipy,3
12,35.81880520733799,28.265057881673176,0.34189633445078704,chemberta,cyanine,3
0,,,,chemberta,squaraine,3
318,46.605235414453674,24.84050442820976,0.7651791337456247,chemberta,stilbene,3
1870,69.45915566623192,36.15530324279736,0.6662563367152756,chemberta,non_local,3
3751,53.238166821193886,25.389718831314667,0.7558846267231649,chemberta,full,4
796,104.05148369908915,68.49338788261817,-0.5818476053427675,chemberta,lambda500,4
317,158.99543722936144,137.97045100478363,-4.558689403242431,chemberta,lambda600,4
51,36.83180705566998,23.018625296798408,0.643552687214999,chemberta,azo,4
1208,45.367191255199884,22.068098781676355,0.79190716215374,chemberta,da,4
431,38.7339971282534,19.63241127387208,0.8248111634575754,chemberta,dad,4
347,79.0019219113544,46.70086789529674,0.2666022553108175,chemberta,bodipy,4
13,35.745746462179625,30.006561279296875,0.35189003159378174,chemberta,cyanine,4
0,,,,chemberta,squaraine,4
301,53.27208168542549,28.62183996252985,0.7061221257089193,chemberta,stilbene,4
1847,70.25955696281612,36.18634396534129,0.6591012550412954,chemberta,non_local,4
