canon,solvents,y_true,pred,error,combined_len,truncated
P[W],CS(C)=O,1100.0,514.7113,-585.2886962890625,12,False
CCCCCCCCCCCCc1ccc(-c2ccc(Br)s2)s1,ClC(Cl)Cl,942.0,342.38348,-599.6165161132812,43,False
[Fe+3],ClCCl,941.0,414.76315,-526.2368469238281,12,False
[O-]c1c(-c2ccccc2)cc(-[n+]2c(-c3ccccc3)cc(-c3ccccc3)cc2-c2ccccc2)cc1-c1ccccc1,C[Si](C)(C)C,931.3029316,556.3533,-374.94966011562497,90,False
[O-]c1c(-c2ccccc2)cc(-[n+]2c(-c3ccccc3)cc(-c3ccccc3)cc2-c2ccccc2)cc1-c1ccccc1,CCC(C)C,925.2750809,556.3528,-368.92229769687503,85,False
[O-]c1c(-c2ccccc2)cc(-[n+]2c(-c3ccccc3)cc(-c3ccccc3)cc2-c2ccccc2)cc1-c1ccccc1,C1CCCCC1,925.2750809,556.3535,-368.92156527500003,86,False
c1csc(-c2nnnnc2-c2cccs2)c1,ClCCl,923.0,332.07407,-590.9259338378906,32,False
[O-]c1c(-c2ccccc2)cc(-[n+]2c(-c3ccccc3)cc(-c3ccccc3)cc2-c2ccccc2)cc1-c1ccccc1,CCCCCCCCCC,922.2903226,532.45935,-389.83097201406247,88,False
[O-]c1c(-c2ccccc2)cc(-[n+]2c(-c3ccccc3)cc(-c3ccccc3)cc2-c2ccccc2)cc1-c1ccccc1,CCCCCCCCC,922.2903226,549.0873,-373.20304232656247,87,False
[O-]c1c(-c2ccccc2)cc(-[n+]2c(-c3ccccc3)cc(-c3ccccc3)cc2-c2ccccc2)cc1-c1ccccc1,CCCCCC,922.2903226,525.683,-396.60733920156247,84,False
[O-]c1c(-c2ccccc2)cc(-[n+]2c(-c3ccccc3)cc(-c3ccccc3)cc2-c2ccccc2)cc1-c1ccccc1,CCCCC,922.2903226,525.68304,-396.6072781664062,83,False
[O-]c1c(-c2ccccc2)cc(-[n+]2c(-c3ccccc3)cc(-c3ccccc3)cc2-c2ccccc2)cc1-c1ccccc1,CCCCCCC,919.3247588,551.12256,-368.20220020625004,85,False
[O-]c1c(-c2ccccc2)cc(-[n+]2c(-c3ccccc3)cc(-c3ccccc3)cc2-c2ccccc2)cc1-c1ccccc1,CCCCCCCC,919.3247588,549.08716,-370.23760059687504,86,False
[O-]c1c(-c2ccccc2)cc(-[n+]2c(-c3ccccc3)cc(-c3ccccc3)cc2-c2ccccc2)cc1-c1ccccc1,CCCCCCCCCCCC,919.3247588,556.3533,-362.97148731562504,90,False
[O-]c1c(-c2ccccc2)cc(-[n+]2c(-c3ccccc3)cc(-c3ccccc3)cc2-c2ccccc2)cc1-c1ccccc1,C1CC[C@H]2CCCC[C@H]2C1,916.3782051,551.1227,-365.25552443593745,100,False
Cc1cc(C(C)(C)C)c(OC2=C(C=CC3=C(C#N)C(=C(C#N)C#N)OC3(C)C)CC(C(C)(C)C)CC2=CC=C2N(C)c3ccccc3C2(C)C)c(C(C)(C)C)c1,ClC(Cl)Cl,895.0,533.6267,-361.373291015625,119,False
[O-]c1c(-c2ccccc2)cc(-[n+]2c(-c3ccccc3)cc(-c3ccccc3)cc2-c2ccccc2)cc1-c1ccccc1,CCCCN(CCCC)CCCC,890.6853582999997,551.1238,-339.56157900312473,93,False
[O-]c1c(-c2ccccc2)cc(-[n+]2c(-c3ccccc3)cc(-c3ccccc3)cc2-c2ccccc2)cc1-c1ccccc1,CCN(CC)CC,890.6853582999997,549.0848,-341.6005804679685,87,False
[O-]c1c(-c2ccccc2)cc(-[n+]2c(-c3ccccc3)cc(-c3ccccc3)cc2-c2ccccc2)cc1-c1ccccc1,ClC(Cl)=C(Cl)Cl,890.6853582999997,532.4586,-358.22674013593723,93,False
[O-]c1c(-c2ccccc2)cc(-[n+]2c(-c3ccccc3)cc(-c3ccccc3)cc2-c2ccccc2)cc1-c1ccccc1,ClC(Cl)=C(Cl)C(Cl)=C(Cl)Cl,887.9192547,556.35205,-331.56720391875,104,False
[O-]c1c(-c2ccccc2)cc(-[n+]2c(-c3ccccc3)cc(-c3ccccc3)cc2-c2ccccc2)cc1-c1ccccc1,C1=CCCCC1,887.9192547,525.68225,-362.2370037234375,87,False
[O-]c1c(-c2ccccc2)cc(-[n+]2c(-c3ccccc3)cc(-c3ccccc3)cc2-c2ccccc2)cc1-c1ccccc1,C=CCCCC,882.4382716,532.4594,-349.97885997890626,85,False
[O-]c1c(-c2ccccc2)cc(-[n+]2c(-c3ccccc3)cc(-c3ccccc3)cc2-c2ccccc2)cc1-c1ccccc1,ClC(Cl)(Cl)Cl,882.4382716,532.4595,-349.97879894375,91,False
COc1cc2c3c4c(c5ccc(C(C)(C)C)cc5c5c(OC)cc(OC)c(c2c(OC)c1OC)c45)=[N+]1C3=Nc2c3c4cc(OC)c(OC)c(OC)c4c4c(OC)cc(OC)c5c6cc(C(C)(C)C)ccc6c(c3c54)n2[B-]1(F)F,Cc1ccccc1,878.0,549.0818,-328.918212890625,158,False
O=[N+]([O-])c1cc2c(c([N+](=O)[O-])c1)-c1c(cc([N+](=O)[O-])cc1[N+](=O)[O-])C2=CC=CC=CC=C1N(c2ccccc2)c2ccccc2N1c1ccccc1,Cc1ccccc1,873.0,525.6846,-347.3154296875,127,False
[O-]c1c(-c2ccccc2)cc(-[n+]2c(-c3ccccc3)cc(-c3ccccc3)cc2-c2ccccc2)cc1-c1ccccc1,ClC(Cl)=C(Cl)C(Cl)(Cl)Cl,871.6768293,525.6775,-345.999339065625,102,False
[O-]c1c(-c2ccccc2)cc(-[n+]2c(-c3ccccc3)cc(-c3ccccc3)cc2-c2ccccc2)cc1-c1ccccc1,ClC1=C(Cl)C(Cl)(Cl)C(Cl)=C1Cl,871.6768293,525.6737,-346.0031232453125,107,False
[O-]c1c(-c2ccccc2)cc(-[n+]2c(-c3ccccc3)cc(-c3ccccc3)cc2-c2ccccc2)cc1-c1ccccc1,S=C=S,871.6768293,549.0818,-322.595042190625,83,False
[O-]c1c(-c2ccccc2)cc(-[n+]2c(-c3ccccc3)cc(-c3ccccc3)cc2-c2ccccc2)cc1-c1ccccc1,Cc1cc(C)cc(C)c1,869.0273556,551.1234,-317.90394251406246,93,False
CCC1=[N+]2c3c(c4ccc(Oc5c(C)cc(C)cc5C)c5cc6c(Oc7c(C)cc(C)cc7C)ccc7c8cc(CC)n(c8c3c(c54)c67)[B-]2(F)F)=C1,Cc1ccccc1,867.0,556.3508,-310.649169921875,112,False
[O-]c1c(-c2ccccc2)cc(-[n+]2c(-c3ccccc3)cc(-c3ccccc3)cc2-c2ccccc2)cc1-c1ccccc1,CCCCOCCCC,866.3939393999998,525.6828,-340.71113910703104,87,False
[O-]c1c(-c2ccccc2)cc(-[n+]2c(-c3ccccc3)cc(-c3ccccc3)cc2-c2ccccc2)cc1-c1ccccc1,Cc1ccc(C)c(C)c1C,866.3939393999998,532.45557,-333.9383729937498,94,False
[O-]c1c(-c2ccccc2)cc(-[n+]2c(-c3ccccc3)cc(-c3ccccc3)cc2-c2ccccc2)cc1-c1ccccc1,Cc1ccc(C)cc1,863.776435,532.4552,-331.3212348046875,90,False
[O-]c1c(-c2ccccc2)cc(-[n+]2c(-c3ccccc3)cc(-c3ccccc3)cc2-c2ccccc2)cc1-c1ccccc1,Fc1cc(F)cc(F)c1,861.1746988,551.12286,-310.05183503046874,93,False
[O-]c1c(-c2ccccc2)cc(-[n+]2c(-c3ccccc3)cc(-c3ccccc3)cc2-c2ccccc2)cc1-c1ccccc1,FC(F)(Cl)C(F)(Cl)Cl,861.1746988,551.1226,-310.05207917109374,97,False
Cc1cccc(N)c1.c1cc[nH]c1,CS(C)=O,860.0,300.33832,-559.6616821289062,31,False
[O-]c1c(-c2ccccc2)cc(-[n+]2c(-c3ccccc3)cc(-c3ccccc3)cc2-c2ccccc2)cc1-c1ccccc1,FC(Cl)(Cl)Cl,858.5885886,532.4593,-326.12929904921873,90,False
[O-]c1c(-c2ccccc2)cc(-[n+]2c(-c3ccccc3)cc(-c3ccccc3)cc2-c2ccccc2)cc1-c1ccccc1,FC1(F)C(F)(F)C(F)(Cl)C1(F)Cl,858.5885886,525.67834,-332.9102438734375,106,False
[O-]c1c(-c2ccccc2)cc(-[n+]2c(-c3ccccc3)cc(-c3ccccc3)cc2-c2ccccc2)cc1-c1ccccc1,c1ccc2c(c1)CCCC2,853.4626866,549.08704,-304.3756504671875,94,False
[O-]c1c(-c2ccccc2)cc(-[n+]2c(-c3ccccc3)cc(-c3ccccc3)cc2-c2ccccc2)cc1-c1ccccc1,FC(F)(F)C(F)(Cl)C(F)(F)Cl,850.9226189999998,549.09045,-301.8321648984373,103,False
COc1cc2c3c4c(c5ccc(C(C)(C)C)cc5c5c(OC)c(OC)c(OC)c(c2c(OC)c1OC)c45)=[N+]1C3=Nc2c3c4cc(OC)c(OC)c(OC)c4c4c(OC)c(OC)c(OC)c5c6cc(C(C)(C)C)ccc6c(c3c54)n2[B-]1(F)F,Cc1ccccc1,850.0,556.3506,-293.6494140625,166,False
CC1=c2cc3c(cc2=[N+]2C1=Cc1c4ccccc4c(C)n1[B-]2(F)F)C1=Cc2c4ccccc4c(C)n2[B-](F)(F)[N+]1=C3C,ClC(Cl)Cl,848.0,532.4617,-315.538330078125,99,False
[O-]c1c(-c2ccccc2)cc(-[n+]2c(-c3ccccc3)cc(-c3ccccc3)cc2-c2ccccc2)cc1-c1ccccc1,FC(F)(F)C(Cl)(Cl)Cl,845.887574,551.1228,-294.764771265625,97,False
[O-]c1c(-c2ccccc2)cc(-[n+]2c(-c3ccccc3)cc(-c3ccccc3)cc2-c2ccccc2)cc1-c1ccccc1,Cc1ccccc1,843.3923304,551.12396,-292.26836799765624,87,False
[O-]c1c(-c2ccccc2)cc(-[n+]2c(-c3ccccc3)cc(-c3ccccc3)cc2-c2ccccc2)cc1-c1ccccc1,CCOCOCC,843.3923304,532.4592,-310.933101884375,85,False
[O-]c1c(-c2ccccc2)cc(-[n+]2c(-c3ccccc3)cc(-c3ccccc3)cc2-c2ccccc2)cc1-c1ccccc1,CC(C)(C)c1cccc(C(C)(C)C)n1,840.9117646999998,532.4576,-308.45418413359357,104,False
[O-]c1c(-c2ccccc2)cc(-[n+]2c(-c3ccccc3)cc(-c3ccccc3)cc2-c2ccccc2)cc1-c1ccccc1,CCCOCCC,840.9117646999998,549.0867,-291.8250947781248,85,False
[O-]c1c(-c2ccccc2)cc(-[n+]2c(-c3ccccc3)cc(-c3ccccc3)cc2-c2ccccc2)cc1-c1ccccc1,CC(C)OC(C)C,838.4457477999998,532.4582,-305.9875568820311,89,False
[O-]c1c(-c2ccccc2)cc(-[n+]2c(-c3ccccc3)cc(-c3ccccc3)cc2-c2ccccc2)cc1-c1ccccc1,Cl/C=C/Cl,835.994152,532.4607,-303.533458640625,87,False
[O-]c1c(-c2ccccc2)cc(-[n+]2c(-c3ccccc3)cc(-c3ccccc3)cc2-c2ccccc2)cc1-c1ccccc1,c1ccc(C2CCCCC2)cc1,835.994152,556.35223,-279.64191811328124,96,False
[O-]c1c(-c2ccccc2)cc(-[n+]2c(-c3ccccc3)cc(-c3ccccc3)cc2-c2ccccc2)cc1-c1ccccc1,Fc1c(F)c(F)c(F)c(F)c1F,835.994152,532.4576,-303.53657143359374,100,False
[O-]c1c(-c2ccccc2)cc(-[n+]2c(-c3ccccc3)cc(-c3ccccc3)cc2-c2ccccc2)cc1-c1ccccc1,C#CCCCC,833.5568513,556.35364,-277.20321360468745,85,False
[O-]c1c(-c2ccccc2)cc(-[n+]2c(-c3ccccc3)cc(-c3ccccc3)cc2-c2ccccc2)cc1-c1ccccc1,c1ccccc1,833.5568513,532.459,-301.09786692499995,86,False
[O-]c1c(-c2ccccc2)cc(-[n+]2c(-c3ccccc3)cc(-c3ccccc3)cc2-c2ccccc2)cc1-c1ccccc1,CCC(C)(C)OC,831.1337209,556.35315,-274.78057148593746,89,False
C1=C2c3cc4ccccc4cc3C3=[N+]2[B-]2(Oc4ccccc43)Oc3ccccc3-c3c4cc5ccccc5cc4c1n32,C1CCOC1,830.0,556.3496,-273.650390625,83,False
[O-]c1c(-c2ccccc2)cc(-[n+]2c(-c3ccccc3)cc(-c3ccccc3)cc2-c2ccccc2)cc1-c1ccccc1,CCOCC,828.7246377,525.68286,-303.041776371875,83,False
CCCCCCCc1ccc(C2=[N+]3C(=C4c5cc(OCC(CC)CC)c(-c6ccc(CCCCCCC)o6)n5[B-](F)(F)[n+]5nnn(c54)[B-]3(F)F)C=C2OCC(CC)CC)o1,ClCCl,826.0,551.1222,-274.8778076171875,118,False
COc1cc2c3c4c(c5ccc(C(C)(C)C)cc5c5cc(C(C)(C)C)cc(c2c(OC)c1OC)c45)=[N+]1C3=Nc2c3c4cc(OC)c(OC)c(OC)c4c4cc(C(C)(C)C)cc5c6cc(C(C)(C)C)ccc6c(c3c54)n2[B-]1(F)F,Cc1ccccc1,826.0,556.34985,-269.650146484375,162,False
CCCCCCCc1ccc(C2=[N+]3C(=C4c5cc(OCC(CC)CC)c(-c6ccc(CCCCCCC)o6)n5[B-](F)(F)[n+]5c4n(c4cc(C(C)(C)C)ccc45)[B-]3(F)F)C=C2OCC(CC)CC)o1,ClCCl,826.0,551.12317,-274.8768310546875,134,False
[O-]c1c(-c2ccccc2)cc(-[n+]2c(-c3ccccc3)cc(-c3ccccc3)cc2-c2ccccc2)cc1-c1ccccc1,COC(C)(C)C,823.9481268,556.35284,-267.5952825617187,88,False
[O-]c1c(-c2ccccc2)cc(-[n+]2c(-c3ccccc3)cc(-c3ccccc3)cc2-c2ccccc2)cc1-c1ccccc1,ClC(Cl)(Cl)Br,821.5804598,525.6814,-295.89906331562497,91,False
[O-]c1c(-c2ccccc2)cc(-[n+]2c(-c3ccccc3)cc(-c3ccccc3)cc2-c2ccccc2)cc1-c1ccccc1,C=Cc1ccccc1,821.5804598,532.458,-289.12245198749997,89,False
CC1(C)C(/C=C/C2=C(Cl)/C(=C/C=C3/N(CCCCS(=O)(=O)[O-])c4ccc5ccccc5c4C3(C)C)CCC2)=[N+](CCCCS(=O)(=O)[O-])c2ccc3ccccc3c21,CO,820.0,525.6827,-294.31732177734375,120,False
CCCCCCCCOc1ccc(-c2c3c4n(c(-c5ccc(OCCCCCCCC)cc5)c3c3n2[B-](c2ccccc2)(c2ccccc2)[n+]2c(ccc5cc(C(C)(C)C)ccc52)C=3C#N)[B-](c2ccccc2)(c2ccccc2)[n+]2c(ccc3cc(C(C)(C)C)ccc32)C=4C#N)cc1,ClC(Cl)Cl,819.0,532.45844,-286.54156494140625,186,False
CCCCCCCc1ccc(C2=[N+]3C(=C4c5cc(OCC(CC)CC)c(-c6ccc(CCCCCCC)o6)n5[B-](F)(F)[n+]5c4n(c4cc(C(C)(C)C)ccc45)[B-]3(F)F)C=C2OCC(CC)CC)o1,C1CCOC1,816.0,551.12305,-264.876953125,136,False
O=S(=O)([O-])CCCCN1C=C/C(=C/C=C/C=C/c2cc[n+](CCCCS(=O)(=O)[O-])c3ccccc23)c2ccccc21,CO,815.0,498.19327,-316.8067321777344,85,False
[O-]c1c(-c2ccccc2)cc(-[n+]2c(-c3ccccc3)cc(-c3ccccc3)cc2-c2ccccc2)cc1-c1ccccc1,CC1CCC(C)O1,814.5584046,532.45715,-282.1012512796875,89,False
CCCCCCCc1ccc(C2=[N+]3C(=C4c5cc(OCC(CC)CC)c(-c6ccc(CCCCCCC)o6)n5[B-](F)(F)[n+]5nnn(c54)[B-]3(F)F)C=C2OCC(CC)CC)o1,C1CCOC1,811.0,551.1228,-259.877197265625,120,False
[O-]c1c(-c2ccccc2)cc(-[n+]2c(-c3ccccc3)cc(-c3ccccc3)cc2-c2ccccc2)cc1-c1ccccc1,c1ccc(Oc2ccccc2)cc1,809.9433428,551.124,-258.8193193625,97,False
[O-]c1c(-c2ccccc2)cc(-[n+]2c(-c3ccccc3)cc(-c3ccccc3)cc2-c2ccccc2)cc1-c1ccccc1,Cc1cccc2ccccc12,809.9433428,551.12427,-258.819075221875,93,False
COc1cc(C2=c3c(c4ccc(C(C)(C)C)cc4c4c(OC)c(OC)c(OC)cc34)=[N+]3C2=Nc2c(-c4cc(OC)c(OC)c(OC)c4)c4c5cc(OC)c(OC)c(OC)c5c5cc(C(C)(C)C)ccc5c4n2[B-]3(F)F)cc(OC)c1OC,Cc1ccccc1,808.0,551.1208,-256.87921142578125,164,False
[O-]c1c(-c2ccccc2)cc(-[n+]2c(-c3ccccc3)cc(-c3ccccc3)cc2-c2ccccc2)cc1-c1ccccc1,CCNCC,807.6553672,549.0868,-258.5685752078125,83,False
[O-]c1c(-c2ccccc2)cc(-[n+]2c(-c3ccccc3)cc(-c3ccccc3)cc2-c2ccccc2)cc1-c1ccccc1,c1ccsc1,807.6553672,556.3531,-251.30227882109375,85,False
[O-]c1c(-c2ccccc2)cc(-[n+]2c(-c3ccccc3)cc(-c3ccccc3)cc2-c2ccccc2)cc1-c1ccccc1,C1CCNCC1,805.3802817000002,549.0876,-256.29269625078143,86,False
[O-]c1c(-c2ccccc2)cc(-[n+]2c(-c3ccccc3)cc(-c3ccccc3)cc2-c2ccccc2)cc1-c1ccccc1,CC1CCCOC1,805.3802817000002,551.1244,-254.25589205156268,87,False
CC1(C)C(/C=C/C2=C(c3ccc(C(=O)O)cc3)/C(=C/C=C3/N(CCCS(=O)(=O)[O-])c4ccc5ccccc5c4C3(C)C)CCC2)=[N+](CCCS(=O)(=O)[O-])c2ccc3ccccc3c21,CO,800.0,549.08374,-250.916259765625,132,False
CC1(C)C(/C=C/C2=C(c3ccc(C(=O)O)cc3)/C(=C/C=C3/N(CCCCS(=O)(=O)[O-])c4ccc5ccccc5c4C3(C)C)CCC2)=[N+](CCCCS(=O)(=O)[O-])c2ccc3ccccc3c21,CO,800.0,556.3524,-243.6475830078125,134,False
O=C(O)c1ccc(C2=C(/C=C/c3[se]c4ccccc4[n+]3CCCCS(=O)(=O)[O-])CCC/C2=C\C=C2/[Se]c3ccccc3N2CCCCS(=O)(=O)[O-])cc1,CO,800.0,504.031,-295.968994140625,111,False
CS1(C)C(/C=C/C2=C(c3ccc(C(=O)O)cc3)/C(=C/C=C3/N(CCCCS(=O)(=O)[O-])c4ccccc4S3(C)C)CCC2)=[N+](CCCCS(=O)(=O)[O-])c2ccccc21,CO,800.0,525.6821,-274.31787109375,122,False
CN(C)c1ccc(C2=[N+]3C(=Nc4c(-c5ccccc5)cc(-c5ccc(N(C)C)cc5)n4[B-]3(F)F)C(c3ccccc3)=C2)cc1,ClC(Cl)Cl,799.0,525.68036,-273.31964111328125,97,False
CN1C(=CC=C2CC(c3ccccc3)(c3ccccc3)CC(C=CC3=C(C#N)C(=C(C#N)C#N)OC3(C)C)=C2Br)C(C)(C)c2ccccc21,ClC(Cl)Cl,799.0,551.1216,-247.87841796875,101,False
CN1C(=CC=C2CC(c3ccccc3)(c3ccccc3)CC(C=CC3=C(C#N)C(=C(C#N)C#N)OC3(C)C)=C2Cl)C(C)(C)c2ccccc21,ClC(Cl)Cl,799.0,549.07886,-249.921142578125,101,False
[O-]c1c(-c2ccccc2)cc(-[n+]2c(-c3ccccc3)cc(-c3ccccc3)cc2-c2ccccc2)cc1-c1ccccc1,COCOC,798.6312849,549.08575,-249.54553050546872,83,False
COc1ccc2c3c(c4ccc(C(C)(C)C)cc4c2c1)=C(c1cc(OC)c(OC)c(OC)c1)C1=Nc2c(-c4cc(OC)c(OC)c(OC)c4)c4c5ccc(C(C)(C)C)cc5c5cc(OC)ccc5c4n2[B-](F)(F)[N+]=31,Cc1ccccc1,797.0,532.43365,-264.56634521484375,152,False
CC1(C)C(/C=C/C2=C(c3ccc(C(=O)O)cc3)/C(=C/C=C3/N(CCCCS(=O)(=O)[O-])c4ccccc4C3(C)C)CC2)=[N+](CCCCS(=O)(=O)[O-])c2ccccc21,CO,797.0,556.3545,-240.6455078125,121,False
CCCCCCCCCCOc1cc(OCCCCCCCCCC)cc(C2=C3C(/C=C/c4ccc(N(C)C)cc4)=C(C#Cc4ccc(C(C)(C)C)cc4)C(/C=C/c4ccc(N(C)C)cc4)=[N+]3[B-](F)(F)n3c(/C=C/c4ccc(N(C)C)cc4)c(C#Cc4ccc(C(C)(C)C)cc4)c(/C=C/c4ccc(N(C)C)cc4)c32)c1,ClC(Cl)Cl,797.0,525.68365,-271.31634521484375,211,False
[O-]c1c(-c2ccccc2)cc(-[n+]2c(-c3ccccc3)cc(-c3ccccc3)cc2-c2ccccc2)cc1-c1ccccc1,ClC=C(Cl)Cl,796.4066852000002,549.0852,-247.3214801218752,89,False
CCC(CC)COC1=CC2=C3c4cc(OCC(CC)CC)c(-c5cccs5)n4[B-](F)(F)[n+]4nnn(c43)[B-](F)(F)[N+]2=C1c1cccs1,ClCCl,795.0,551.121,-243.8790283203125,100,False
[O-]c1c(-c2ccccc2)cc(-[n+]2c(-c3ccccc3)cc(-c3ccccc3)cc2-c2ccccc2)cc1-c1ccccc1,c1ccoc1,794.1944444000002,549.0871,-245.10734723203143,85,False
[O-]c1c(-c2ccccc2)cc(-[n+]2c(-c3ccccc3)cc(-c3ccccc3)cc2-c2ccccc2)cc1-c1ccccc1,C1COCCO1,794.1944444000002,551.12317,-243.07127545468768,86,False
CN1C(=CC=CC=CC=CC2=C(C#N)C(=C(C#N)C#N)OC2(C)C)C(C)(C)c2ccccc21,ClC(Cl)Cl,794.0,502.40228,-291.59771728515625,72,False
CN(C)c1ccc(C2=[N+]3C(=Nc4c5ccccc5c(-c5ccc(N(C)C)cc5)n4[B-]3(F)F)c3ccccc32)cc1,ClCCl,794.0,551.11743,-242.882568359375,83,False
CN(C)c1ccc(C2=[N+]3C(=Nc4c(-c5ccc(O)cc5)cc(-c5ccc(N(C)C)cc5)n4[B-]3(F)F)C(c3ccc(O)cc3)=C2)cc1,CS(C)=O,794.0,551.1207,-242.8792724609375,101,False
Cc1ccc(C2=[N+]3C(=Nc4c5ccccc5c(-c5ccc(C)s5)n4[B-]3(F)F)c3ccccc32)s1,ClCCl,793.0,556.3506,-236.6494140625,73,False
CN1C(=CC=C2CC(C(C)(C)C)CC(C=CC3=C(C#N)C(=C(C#N)C#N)OC3(C)C)=C2Cl)C(C)(C)c2ccccc21,ClC(Cl)Cl,793.0,532.46075,-260.53924560546875,91,False
C[C@H]1OC([n+]2cccc(C(N)=O)c2)[C@H](O)[C@@H]1O,CO,793.0,329.95178,-463.0482177734375,49,False
CN1C(=CC=C2CC(C(C)(C)C)CC(C=CC3=C(C#N)C(=C(C#N)C#N)OC3(C)C)=C2Br)C(C)(C)c2ccccc21,ClC(Cl)Cl,793.0,532.46075,-260.53924560546875,91,False
CCC(CC)COC1=CC2=C3c4cc(OCC(CC)CC)c(-c5cccs5)n4[B-](F)(F)[n+]4c3n(c3cc(C(C)(C)C)ccc34)[B-](F)(F)[N+]2=C1c1cccs1,C1CCOC1,792.0,556.3519,-235.6480712890625,118,False
CC1(C)C(/C=C/C=C/C=C/C=C2/N(CCCCS(=O)(=O)[O-])c3ccc4ccccc4c3C2(C)C)=[N+](CCCCS(=O)(=O)[O-])c2ccc3ccccc3c21,CO,792.0,556.35297,-235.64703369140625,109,False
CC1(C)C(/C=C/C=C/C=C/C=C2/N(CCC(=O)O)c3ccc4ccccc4c3C2(C)C)=[N+](CCC(=O)O)c2ccc3ccccc3c21,CO,792.0,556.35376,-235.646240234375,91,False
COc1cc(OC)c2c(c1)c1c(c3ccc(C(C)(C)C)cc32)=[N+]2C(=Nc3c(-c4cc(OC)c(OC)c(OC)c4)c4c5cc(OC)cc(OC)c5c5cc(C(C)(C)C)ccc5c4n3[B-]2(F)F)C=1c1cc(OC)c(OC)c(OC)c1,Cc1ccccc1,791.0,549.0859,-241.91412353515625,160,False
CCC(CC)COC1=CC2=C3c4cc(OCC(CC)CC)c(-c5cccs5)n4[B-](F)(F)[n+]4c3n(c3cc(C(C)(C)C)ccc34)[B-](F)(F)[N+]2=C1c1cccs1,ClCCl,791.0,556.3522,-234.6478271484375,116,False
O=[N+]([O-])c1cc2c(c([N+](=O)[O-])c1)-c1c(cc([N+](=O)[O-])cc1[N+](=O)[O-])C2=CC=CC=C1N(c2ccccc2)c2ccccc2N1c1ccccc1,Cc1ccccc1,790.0,549.08203,-240.91796875,124,False
[O-]c1c(-c2ccccc2)cc(-[n+]2c(-c3ccccc3)cc(-c3ccccc3)cc2-c2ccccc2)cc1-c1ccccc1,Clc1ccc(Cl)c(Cl)c1,789.8066298,525.682,-264.1246229640625,96,False
[O-]c1c(-c2ccccc2)cc(-[n+]2c(-c3ccccc3)cc(-c3ccccc3)cc2-c2ccccc2)cc1-c1ccccc1,ClC1CCCCC1,789.8066298,549.0835,-240.72313370625,88,False
[O-]c1c(-c2ccccc2)cc(-[n+]2c(-c3ccccc3)cc(-c3ccccc3)cc2-c2ccccc2)cc1-c1ccccc1,C=COCC,789.8066298,532.4584,-257.3482557765625,84,False
[O-]c1c(-c2ccccc2)cc(-[n+]2c(-c3ccccc3)cc(-c3ccccc3)cc2-c2ccccc2)cc1-c1ccccc1,CC(Cl)(Cl)Cl,789.8066298,532.4602,-257.346424721875,90,False
[O-]c1c(-c2ccccc2)cc(-[n+]2c(-c3ccccc3)cc(-c3ccccc3)cc2-c2ccccc2)cc1-c1ccccc1,C1CCOCC1,789.8066298,551.1229,-238.6837049953125,86,False
[O-]c1c(-c2ccccc2)cc(-[n+]2c(-c3ccccc3)cc(-c3ccccc3)cc2-c2ccccc2)cc1-c1ccccc1,Ic1ccccc1,789.8066298,532.45825,-257.348377846875,87,False
COc1ccc(C2=c3sc(-c4ccc(OC)cc4)cc3=[N+]3C2=Nc2c(-c4ccc(OC)cc4)c4sc(-c5ccc(OC)cc5)cc4n2[B-]3(F)F)cc1,ClC(Cl)Cl,788.0,525.6784,-262.32159423828125,108,False
[O-]c1c(-c2ccccc2)cc(-[n+]2c(-c3ccccc3)cc(-c3ccccc3)cc2-c2ccccc2)cc1-c1ccccc1,Fc1nc(F)c(F)c(F)c1F,787.630854,525.68286,-261.947992671875,97,False
[O-]c1c(-c2ccccc2)cc(-[n+]2c(-c3ccccc3)cc(-c3ccccc3)cc2-c2ccccc2)cc1-c1ccccc1,c1ccc(COCc2ccccc2)cc1,787.630854,556.3524,-231.2784370078125,99,False
COc1cc(C2=c3c(c4ccc(C(C)(C)C)cc4c4cc(C(C)(C)C)ccc34)=[N+]3C2=Nc2c(-c4cc(OC)c(OC)c(OC)c4)c4c5ccc(C(C)(C)C)cc5c5cc(C(C)(C)C)ccc5c4n2[B-]3(F)F)cc(OC)c1OC,Cc1ccccc1,787.0,525.6823,-261.31768798828125,160,False
CC1(C)C(/C=C/C2=C(Cl)/C(=C/C=C3/N(Cc4ccc(C(=O)O)cc4)c4ccccc4C3(C)C)CCC2)=[N+](Cc2ccc(C(=O)O)cc2)c2ccccc21,CO,786.0,556.3534,-229.6466064453125,108,False
CN(C)c1ccc(C2=[N+]3C(=Nc4c(-c5ccc(OCCCCS(=O)(=O)[O-])cc5)cc(-c5ccc(N(C)C)cc5)n4[B-]3(F)F)C(c3ccc(OCCCCS(=O)(=O)[O-])cc3)=C2)cc1,CS(C)=O,786.0,549.08734,-236.91265869140625,135,False
[O-]c1c(-c2ccccc2)cc(-[n+]2c(-c3ccccc3)cc(-c3ccccc3)cc2-c2ccccc2)cc1-c1ccccc1,Fc1ccc(F)cc1,785.467033,532.45575,-253.01128348828126,90,False
[O-]c1c(-c2ccccc2)cc(-[n+]2c(-c3ccccc3)cc(-c3ccccc3)cc2-c2ccccc2)cc1-c1ccccc1,Cc1cc(C)nc(C)c1,785.467033,556.3521,-229.11492118359376,93,False
[O-]c1c(-c2ccccc2)cc(-[n+]2c(-c3ccccc3)cc(-c3ccccc3)cc2-c2ccccc2)cc1-c1ccccc1,ClC(Cl)C(Cl)(Cl)Cl,785.467033,532.45905,-253.00798758984376,96,False
Cc1ccc(CN2/C(=C/C=C3\CCCC(/C=C/C4=[N+](Cc5ccc(C)cc5)c5ccccc5C4(C)C)=C3Cl)C(C)(C)c3ccccc32)cc1,CO,785.0,525.5557,-259.44427490234375,96,False
CC1(C)C(/C=C/C2=C(Cl)/C(=C/C=C3/N(Cc4ccc([N+](=O)[O-])cc4)c4ccccc4C3(C)C)CCC2)=[N+](Cc2ccc([N+](=O)[O-])cc2)c2ccccc21,CO,785.0,551.117,-233.88299560546875,120,False
COc1ccc(C2=c3sc(-c4ccc(OC)cc4)c(-c4ccc(OC)cc4)c3=[N+]3C2=Nc2c(-c4ccc(OC)cc4)c4sc(-c5ccc(OC)cc5)c(-c5ccc(OC)cc5)c4n2[B-]3(F)F)cc1,ClC(Cl)Cl,784.0,513.3976,-270.6024169921875,138,False
CC1(C)C(/C=C/C2=C(Cl)/C(=C/C=C3/N(Cc4ccccc4)c4ccccc4C3(C)C)CCC2)=[N+](Cc2ccccc2)c2ccccc21,CO,784.0,551.1216,-232.87841796875,92,False
CCC(CC)COC1=CC2=C3c4cc(OCC(CC)CC)c(-c5cccs5)n4[B-](F)(F)[n+]4nnn(c43)[B-](F)(F)[N+]2=C1c1cccs1,C1CCOC1,784.0,525.681,-258.3189697265625,102,False
CC1(C)C(/C=C/C2=C(Cl)/C(=C/C=C3/N(Cc4ccc(F)cc4)c4ccccc4C3(C)C)CCC2)=[N+](Cc2ccc(F)cc2)c2ccccc21,CO,784.0,532.4607,-251.539306640625,98,False
[O-]c1c(-c2ccccc2)cc(-[n+]2c(-c3ccccc3)cc(-c3ccccc3)cc2-c2ccccc2)cc1-c1ccccc1,CC(C)(C)N,783.3150684999998,525.68085,-257.6342213320311,87,False
[O-]c1c(-c2ccccc2)cc(-[n+]2c(-c3ccccc3)cc(-c3ccccc3)cc2-c2ccccc2)cc1-c1ccccc1,CC1CCCO1,783.3150684999998,525.68134,-257.6337330507811,86,False
[O-]c1c(-c2ccccc2)cc(-[n+]2c(-c3ccccc3)cc(-c3ccccc3)cc2-c2ccccc2)cc1-c1ccccc1,CN(C)c1ccccc1,783.3150684999998,525.6818,-257.6332447695311,91,False
[O-]c1c(-c2ccccc2)cc(-[n+]2c(-c3ccccc3)cc(-c3ccccc3)cc2-c2ccccc2)cc1-c1ccccc1,Brc1cccc(Br)c1,783.3150684999998,549.0816,-234.23346449609357,92,False
[O-]c1c(-c2ccccc2)cc(-[n+]2c(-c3ccccc3)cc(-c3ccccc3)cc2-c2ccccc2)cc1-c1ccccc1,Cc1cc(Br)ccc1Br,783.3150684999998,551.12305,-232.19202162499982,93,False
[O-]c1c(-c2ccccc2)cc(-[n+]2c(-c3ccccc3)cc(-c3ccccc3)cc2-c2ccccc2)cc1-c1ccccc1,ICI,783.3150684999998,549.0851,-234.22998549218732,81,False
CC1(C)C(/C=C/C2=C(Cl)/C(=C/C=C3/N(CCCCCC(=O)O)c4ccccc4C3(C)C)CCC2)=[N+](CCCCCC(=O)O)c2ccccc21,CO,782.0,549.08484,-232.9151611328125,96,False
[O-]c1c(-c2ccccc2)cc(-[n+]2c(-c3ccccc3)cc(-c3ccccc3)cc2-c2ccccc2)cc1-c1ccccc1,ClCCCCCCCCCCCl,781.1748633999998,532.4574,-248.71746593906232,92,False
[O-]c1c(-c2ccccc2)cc(-[n+]2c(-c3ccccc3)cc(-c3ccccc3)cc2-c2ccccc2)cc1-c1ccccc1,CCOc1ccccc1,781.1748633999998,549.0852,-232.08965832187482,89,False
[O-]c1c(-c2ccccc2)cc(-[n+]2c(-c3ccccc3)cc(-c3ccccc3)cc2-c2ccccc2)cc1-c1ccccc1,Brc1ccccc1,781.1748633999998,525.6819,-255.49297863437482,88,False
CC1(C)C(/C=C/C=C/C=C/C=C2\N(CCCCS(=O)(=O)[O-])c3ccc4ccccc4c3C2(C)C)=[N+](CCCCS(=O)(=O)[O-])c2ccc3ccccc3c21,O,780.0,556.3531,-223.64691162109375,108,False
CCCCCCCCCCC(CCCCCCCCCC)Cn1c2cc(-c3ccc(C(C)(C)C)cc3)c3cccc4c5ccc6c7cc(-c8cc(C(C)(C)C)cc(C(C)(C)C)c8)n8c7c(c7cc1c(c5c76)c2c34)=C1C=CC(c2cc(C(C)(C)C)cc(C(C)(C)C)c2)=[N+]1[B-]8(F)F,Cc1ccccc1,780.0,525.6825,-254.3175048828125,186,False
[O-]c1c(-c2ccccc2)cc(-[n+]2c(-c3ccccc3)cc(-c3ccccc3)cc2-c2ccccc2)cc1-c1ccccc1,CCOC(=O)OCC,779.0463215,551.1237,-227.92260323828123,89,False
[O-]c1c(-c2ccccc2)cc(-[n+]2c(-c3ccccc3)cc(-c3ccccc3)cc2-c2ccccc2)cc1-c1ccccc1,C1CCSC1,779.0463215,551.1238,-227.92254220312498,85,False
[O-]c1c(-c2ccccc2)cc(-[n+]2c(-c3ccccc3)cc(-c3ccccc3)cc2-c2ccccc2)cc1-c1ccccc1,Clc1cccc(Cl)c1,779.0463215,549.0845,-229.96184884374998,92,False
CC(C)(C)C1=CC(=CC=CC=CC=C2c3cc([N+](=O)[O-])cc([N+](=O)[O-])c3-c3c2cc([N+](=O)[O-])cc3[N+](=O)[O-])C=C(C(C)(C)C)O1,Cc1ccccc1,779.0,512.70123,-266.29876708984375,124,False
CC1(C)C(/C=C/C2=C(Cl)/C(=C/C=C3/N(CCCS(=O)(=O)[O-])c4ccccc4C3(C)C)CCC2)=[N+](CCCS(=O)(=O)[O-])c2ccccc21,CO,778.0,525.6797,-252.3203125,106,False
CN(C)c1ccc(C2=[N+]3C(=Nc4c(-c5ccc(O)cc5)cc(-c5ccc(N(C)C)cc5)n4[B-]3(F)F)C(c3ccc(O)cc3)=C2)cc1,Cc1ccccc1,778.0,525.68176,-252.3182373046875,103,False
[O-]c1c(-c2ccccc2)cc(-[n+]2c(-c3ccccc3)cc(-c3ccccc3)cc2-c2ccccc2)cc1-c1ccccc1,Clc1ccccc1,776.9293478,525.6825,-251.24685268281246,88,False
CN(C)c1ccc(C2=[N+]3C(=Nc4c(-c5ccc(O)cc5)cc(-c5ccc(N(C)C)cc5)n4[B-]3(F)F)C(c3ccc(O)cc3)=C2)cc1,C1CCOC1,775.0,551.12006,-223.87994384765625,101,False
CC1=c2cc3c(C)c4n(c3cc2=[N+]2C1=Cc1c3ccccc3c(C)n1[B-]2(F)F)[B-](F)(F)[N+]1=C(C)c2ccccc2C1=C4,ClC(Cl)Cl,775.0,551.12476,-223.875244140625,101,False
[O-]c1c(-c2ccccc2)cc(-[n+]2c(-c3ccccc3)cc(-c3ccccc3)cc2-c2ccccc2)cc1-c1ccccc1,Cc1cccc(C)n1,774.8238482,549.08514,-225.7387041570313,90,False
[O-]c1c(-c2ccccc2)cc(-[n+]2c(-c3ccccc3)cc(-c3ccccc3)cc2-c2ccccc2)cc1-c1ccccc1,Ic1cccc2ccccc12,774.8238482,551.12427,-223.69958062187504,93,False
CC1=CC(c2ccc(N(C)C)cc2)=[N+]2C1=Nc1c(C)cc(-c3ccc(N(C)C)cc3)n1[B-]2(F)F,CS(C)=O,774.0,549.0869,-224.9130859375,78,False
CN1C(=CC=CC=CC=C2c3cc([N+](=O)[O-])cc([N+](=O)[O-])c3-c3c2cc([N+](=O)[O-])cc3[N+](=O)[O-])C(C)(C)c2ccccc21,Cc1ccccc1,773.0,549.08527,-223.91473388671875,116,False
O=[N+]([O-])c1cc2c(c([N+](=O)[O-])c1)-c1c(cc([N+](=O)[O-])cc1[N+](=O)[O-])C2=CC=CC=CC=c1c2cccc3cccc(c32)n1Cc1ccccc1,Cc1ccccc1,773.0,556.3426,-216.65740966796875,125,False
[O-]c1c(-c2ccccc2)cc(-[n+]2c(-c3ccccc3)cc(-c3ccccc3)cc2-c2ccccc2)cc1-c1ccccc1,CSc1ccccc1,772.7297297,551.124,-221.6057062625,88,False
[O-]c1c(-c2ccccc2)cc(-[n+]2c(-c3ccccc3)cc(-c3ccccc3)cc2-c2ccccc2)cc1-c1ccccc1,C=C(Cl)Cl,772.7297297,532.45996,-240.2697687625,87,False
[O-]c1c(-c2ccccc2)cc(-[n+]2c(-c3ccccc3)cc(-c3ccccc3)cc2-c2ccccc2)cc1-c1ccccc1,Fc1ccccc1,772.7297297,551.1239,-221.6058283328125,87,False
[O-]c1c(-c2ccccc2)cc(-[n+]2c(-c3ccccc3)cc(-c3ccccc3)cc2-c2ccccc2)cc1-c1ccccc1,Clc1cccc2ccccc12,772.7297297,532.4573,-240.272454309375,94,False
O=[N+]([O-])c1cc2c(c([N+](=O)[O-])c1)-c1c(cc([N+](=O)[O-])cc1[N+](=O)[O-])C2=CC=CC=c1c2cccc3cccc(c32)n1Cc1ccccc1,Cc1ccccc1,772.0,532.3911,-239.60888671875,122,False
CN1/C(=C\C=C\C=C\C2=C3C=CC(c4ccccc4)=[N+]3[B-](F)(F)n3c2ccc3-c2ccccc2)C(C)(C)c2ccccc21,CC#N,771.0,556.3454,-214.65460205078125,91,False
[O-]c1c(-c2ccccc2)cc(-[n+]2c(-c3ccccc3)cc(-c3ccccc3)cc2-c2ccccc2)cc1-c1ccccc1,COc1ccccc1,770.6469003,549.08563,-221.56126797578122,88,False
CC1(C)C(/C=C/C2=C(c3ccc(C(=O)O)cc3)/C(=C/C=C3/N(CCCCS(=O)(=O)[O-])c4ccc(S(=O)(=O)[O-])cc4C3(C)C)CCC2)=[N+](CCCCS(=O)(=O)[O-])c2ccc(S(=O)(=O)[O-])cc21,CO,770.0,525.68353,-244.31646728515625,152,False
[O-]c1c(-c2ccccc2)cc(-[n+]2c(-c3ccccc3)cc(-c3ccccc3)cc2-c2ccccc2)cc1-c1ccccc1,C#Cc1ccccc1,768.5752687999999,556.35297,-212.22230249140614,89,False
CC1(C)C(/C=C/C2=C(Oc3ccc(CCN=C=S)cc3Br)/C(=C/C=C3/N(CCCS(=O)(=O)[O-])c4ccccc4C3(C)C)CCC2)=[N+](CCCS(=O)(=O)[O-])c2ccccc21,CO,768.0,556.3552,-211.644775390625,124,False
CC1(C)C(/C=C/C2=C(Oc3ccc(CCN=C=S)cc3F)/C(=C/C=C3/N(CCCS(=O)(=O)[O-])c4ccccc4C3(C)C)CCC2)=[N+](CCCS(=O)(=O)[O-])c2ccccc21,CO,768.0,556.35504,-211.64495849609375,123,False
CC1(C)C(/C=C/C2=C(Oc3ccc(CCN=C=S)cc3Cl)/C(=C/C=C3/N(CCCS(=O)(=O)[O-])c4ccccc4C3(C)C)CCC2)=[N+](CCCS(=O)(=O)[O-])c2ccccc21,CO,768.0,549.0882,-218.91180419921875,124,False
CC(C)(C)c1ccc(C2=c3sc(-c4ccc(C(C)(C)C)cc4)c(-c4ccc(C(C)(C)C)cc4)c3=[N+]3C2=Nc2c(-c4ccc(C(C)(C)C)cc4)c4sc(-c5ccc(C(C)(C)C)cc5)c(-c5ccc(C(C)(C)C)cc5)c4n2[B-]3(F)F)cc1,ClC(Cl)Cl,767.0,448.5197,-318.48028564453125,174,False
CC(C)(C)c1ccc(C2=c3sc(-c4ccc(C(C)(C)C)cc4)cc3=[N+]3C2=Nc2c(-c4ccc(C(C)(C)C)cc4)c4sc(-c5ccc(C(C)(C)C)cc5)cc4n2[B-]3(F)F)cc1,ClC(Cl)Cl,767.0,525.68445,-241.3155517578125,132,False
[O-]c1c(-c2ccccc2)cc(-[n+]2c(-c3ccccc3)cc(-c3ccccc3)cc2-c2ccccc2)cc1-c1ccccc1,Fc1cccc(F)c1,766.5147453,556.35266,-210.16208416718746,90,False
CC1(C)C(/C=C/C2=C(Oc3ccc(CCN=C=S)cc3I)/C(=C/C=C3/N(CCCS(=O)(=O)[O-])c4ccccc4C3(C)C)CCC2)=[N+](CCCS(=O)(=O)[O-])c2ccccc21,CO,766.0,532.4575,-233.54248046875,123,False
COc1ccc(-c2sc3c(c2Br)=[N+]2C(=C(C(F)(F)F)c4c(Br)c5sc(-c6ccc(OC)cc6)c(Br)c5n4[B-]2(F)F)C=3Br)cc1,ClC(Cl)Cl,766.0,556.3509,-209.64910888671875,105,False
F[B-]1(F)n2c(c3cc4ccccc4cc3c2-c2ccccc2)C=C2c3cc4ccccc4cc3C(c3ccccc3)=[N+]21,c1ccccc1,765.0,549.0762,-215.923828125,84,False
Cc1c2cc3c(-c4ccccc4)c4c(c(-c5ccccc5)c3cc2c2n1[B-](F)(F)[n+]1c(C)c3cc5c(-c6ccccc6)c6c7cccc8cccc(c6c(-c6ccccc6)c5cc3c1=C2c1ccccc1)c87)-c1cccc2cccc-4c12,ClCCl,765.0,445.77945,-319.2205505371094,155,False
CC1(C)C(/C=C/C2=C(Oc3ccc(CCN=C=S)cc3)/C(=C/C=C3/N(CCCS(=O)(=O)[O-])c4ccccc4C3(C)C)CCC2)=[N+](CCCS(=O)(=O)[O-])c2ccccc21,CO,765.0,525.68066,-239.3193359375,122,False
CC1(C)C(/C=C/C2=C(c3ccc(C(=O)O)cc3)/C(=C/C=C3/N(CCCCS(=O)(=O)[O-])c4ccccc4C3(C)C)CCC2)=[N+](CCCCS(=O)(=O)[O-])c2ccccc21,CO,765.0,551.1213,-213.87872314453125,122,False
COc1ccc2c(c1)O[B-]13Oc4cc(OC)ccc4-c4cc(-c5ccccc5)c(n41)N=C1C(c4ccccc4)=CC2=[N+]13,ClC(Cl)Cl,765.0,542.93933,-222.0606689453125,91,False
[O-]c1c(-c2ccccc2)cc(-[n+]2c(-c3ccccc3)cc(-c3ccccc3)cc2-c2ccccc2)cc1-c1ccccc1,CCCCl,764.4652406,556.35266,-208.11257946718752,83,False
[O-]c1c(-c2ccccc2)cc(-[n+]2c(-c3ccccc3)cc(-c3ccccc3)cc2-c2ccccc2)cc1-c1ccccc1,C1CCOC1,764.4652406,549.08734,-215.37789929140627,85,False
F[B-]1(F)n2c(c3cc4ccccc4cc3c2-c2ccccc2)C=C2c3cc4ccccc4cc3C(c3ccccc3)=[N+]21,CN(C)C=O,764.0,556.35394,-207.64605712890625,84,False
CC(C)(C)c1c2ccc3[nH]c4c(ccc5c(C(C)(C)C)c(ccc6[nH]c7c(ccc1c7n2)c6C(C)(C)C)nc54)c3C(C)(C)C,Cc1ccccc1,764.0,530.7316,-233.26837158203125,98,False
COc1ccc(-c2sc3c(c2Br)=[N+]2C(=C(C(F)(F)F)c4c(Br)c5sc(-c6ccc(OC)cc6)c(Br)c5n4[B-]2(F)F)C=3Br)cc1,C1CCOC1,764.0,525.68414,-238.31585693359375,103,False
CN(C)c1ccc(C2=CC(c3ccccc3)=[N+]3C2=Nc2c(-c4ccc(N(C)C)cc4)cc(-c4ccccc4)n2[B-]3(F)F)cc1,Cc1ccccc1,763.0,551.12134,-211.878662109375,95,False
[O-]c1c(-c2ccccc2)cc(-[n+]2c(-c3ccccc3)cc(-c3ccccc3)cc2-c2ccccc2)cc1-c1ccccc1,CCCOC(C)=O,762.4266667,549.08527,-213.3414005867188,88,False
[O-]c1c(-c2ccccc2)cc(-[n+]2c(-c3ccccc3)cc(-c3ccccc3)cc2-c2ccccc2)cc1-c1ccccc1,CCCCC(=O)CCCC,762.4266667,525.6836,-236.74307295000006,91,False
[O-]c1c(-c2ccccc2)cc(-[n+]2c(-c3ccccc3)cc(-c3ccccc3)cc2-c2ccccc2)cc1-c1ccccc1,CCOCCOCCOCC,762.4266667,551.1227,-211.30398603593756,89,False
F[B-]1(F)n2c(c3cc4ccccc4cc3c2-c2ccccc2)C=C2c3cc4ccccc4cc3C(c3ccccc3)=[N+]21,ClCCl,762.0,532.4568,-229.543212890625,81,False
CCCC1=Cc2nc1ccc1[nH]c(cc1CCC)c1nc(c3ccccc3c3[nH]c2cc3CCC)C(CCC)=C1,Cc1ccccc1,762.0,551.0365,-210.9635009765625,76,False
F[B-]1(F)n2c(c3cc4ccccc4cc3c2-c2ccccc2)C=C2c3cc4ccccc4cc3C(c3ccccc3)=[N+]21,C1CCOC1,761.0,525.67944,-235.320556640625,83,False
O=[N+]([O-])c1cc2c(c([N+](=O)[O-])c1)-c1c(cc([N+](=O)[O-])cc1[N+](=O)[O-])C2=CC=CC=C1C=C(c2ccccc2)OC(c2ccccc2)=C1,Cc1ccccc1,761.0,549.08386,-211.9161376953125,123,False
[O-]c1c(-c2ccccc2)cc(-[n+]2c(-c3ccccc3)cc(-c3ccccc3)cc2-c2ccccc2)cc1-c1ccccc1,CBr,760.3989362000002,525.683,-234.7159528015627,81,False
[O-]c1c(-c2ccccc2)cc(-[n+]2c(-c3ccccc3)cc(-c3ccccc3)cc2-c2ccccc2)cc1-c1ccccc1,Brc1ccccc1Br,760.3989362000002,532.4578,-227.94111149296896,90,False
O=C(O)CCCCCn1/c(=C/C=C/C2=[N+](CCCCCC(=O)O)c3cccc4cccc2c34)c2cccc3cccc1c32,CO,760.0,556.3485,-203.6514892578125,77,False
CC1(C)C(/C=C/C=C/C=C/C=C2/N(c3ccc(S(=O)(=O)[O-])cc3)c3ccc(S(=O)(=O)[O-])cc3C2(C)C)=[N+](c2ccc(S(=O)(=O)[O-])cc2)c2ccc(S(=O)(=O)[O-])cc21,CO,759.0,551.1207,-207.8792724609375,139,False
[O-]c1c(-c2ccccc2)cc(-[n+]2c(-c3ccccc3)cc(-c3ccccc3)cc2-c2ccccc2)cc1-c1ccccc1,BrC(Br)Br,758.3819629,556.3526,-202.0293628023437,87,False
CCc1c(CC)c2n(c1C)[B-](F)(F)[N+]1=C(C)c3cc4c(cc3C1=C2)=[N+]1C(=Cc2c(CC)c(CC)c(C)n2[B-]1(F)F)C=4C,ClC(Cl)Cl,758.0,549.0858,-208.9141845703125,105,False
CC1(C)C2=[N+](CCCCCC(=O)NCCNC(=O)CCCCCN3/C(=C/C=C/C=C/C=C/2)C(C)(C)c2cc(S(=O)(=O)[O-])ccc23)c2ccc(S(=O)(=O)[O-])cc21,CO,755.0,525.6796,-229.32037353515625,119,False
CC1(C)C(/C=C/C=C/C=C/C=C2/N(S(=O)(=O)[O-])c3ccc(S(=O)(=O)[O-])cc3C2(C)C)=[N+](S(=O)(=O)[O-])c2ccc(S(=O)(=O)[O-])cc21,CO,755.0,519.5906,-235.409423828125,119,False
[O-]c1c(-c2ccccc2)cc(-[n+]2c(-c3ccccc3)cc(-c3ccccc3)cc2-c2ccccc2)cc1-c1ccccc1,C=C(C)C(=O)OC,754.3799472000002,549.08405,-205.29590178984392,91,False
[O-]c1c(-c2ccccc2)cc(-[n+]2c(-c3ccccc3)cc(-c3ccccc3)cc2-c2ccccc2)cc1-c1ccccc1,CCC(O)(C(C)C)C(C)C,754.3799472000002,532.4559,-221.92407561796892,96,False
[O-]c1c(-c2ccccc2)cc(-[n+]2c(-c3ccccc3)cc(-c3ccccc3)cc2-c2ccccc2)cc1-c1ccccc1,CC(C)(Cl)Cl,754.3799472000002,549.08496,-205.29498626250017,89,False
CCCCCCCCOc1ccc(-c2c3c4n(c(-c5ccc(OCCCCCCCC)cc5)c3c3n2[B-](F)(F)[n+]2c(ccc5cc(C(C)(C)C)ccc52)C=3C#N)[B-](F)(F)[n+]2c(ccc3cc(C(C)(C)C)ccc32)C=4C#N)cc1,ClC(Cl)Cl,754.0,549.0891,-204.910888671875,158,False
CC1(C)C2=[N+](CCCCCC(=O)NCCCNC(=O)CCCCCN3/C(=C/C=C/C=C/C=C/2)C(C)(C)c2cc(S(=O)(=O)[O-])ccc23)c2ccc(S(=O)(=O)[O-])cc21,CO,754.0,549.0855,-204.91448974609375,120,False
CC1(C)C(/C=C/C=C/C=C/C=C2/N(c3ccc(S(=O)(=O)[O-])cc3)c3ccc(S(=O)(=O)[O-])cc3C2(C)C)=[N+](c2ccc(S(=O)(=O)[O-])cc2)c2ccc(S(=O)(=O)[O-])cc21,O,754.0,556.3534,-197.6466064453125,138,False
CC1(C)C2=[N+](CCCCCC(=O)NCNC(=O)CCCCCN3/C(=C/C=C/C=C/C=C/2)C(C)(C)c2cc(S(=O)(=O)[O-])ccc23)c2ccc(S(=O)(=O)[O-])cc21,CO,754.0,551.1169,-202.88311767578125,118,False
