radius,n_bits,n_estimators,max_depth,min_samples_leaf,max_features,RMSE,MAE,R2,Pearson_r,time_s
2,2048,1000,,1,0.3,31.69,15.61,0.9132,0.9562,265.0
2,2048,500,,1,0.3,31.79,15.63,0.9127,0.9559,129.2
2,2048,300,,1,0.3,31.8,15.62,0.9126,0.9559,92.3
2,1024,1000,,1,0.3,31.82,15.98,0.9125,0.9561,122.9
2,1024,500,,1,0.3,31.84,15.99,0.9124,0.956,58.0
2,1024,300,,1,0.3,31.86,16.03,0.9123,0.9559,26.3
2,1024,1000,50.0,1,0.3,32.07,16.44,0.9111,0.9554,117.1
2,1024,300,50.0,1,0.3,32.13,16.51,0.9108,0.9552,29.5
2,1024,500,50.0,1,0.3,32.17,16.49,0.9106,0.9551,63.3
2,2048,1000,,2,0.3,32.58,16.59,0.9083,0.9539,245.7
2,2048,500,,2,0.3,32.69,16.64,0.9077,0.9536,125.2
2,2048,300,,2,0.3,32.69,16.67,0.9076,0.9536,92.6
2,2048,1000,50.0,1,0.3,32.7,17.06,0.9076,0.9534,248.6
2,2048,500,50.0,1,0.3,32.77,17.09,0.9072,0.9532,122.5
3,2048,300,,1,0.3,32.89,16.25,0.9065,0.953,94.9
2,2048,300,50.0,1,0.3,32.89,17.15,0.9065,0.9528,74.0
2,1024,500,,2,0.3,32.91,16.97,0.9064,0.9532,65.7
3,2048,1000,,1,0.3,32.92,16.23,0.9063,0.9529,279.5
2,1024,300,,2,0.3,32.92,16.99,0.9064,0.9531,26.2
2,1024,1000,,2,0.3,32.93,16.98,0.9063,0.9531,120.3
3,2048,500,,1,0.3,32.95,16.24,0.9061,0.9528,145.3
2,1024,300,50.0,2,0.3,32.99,17.34,0.9059,0.953,27.3
2,1024,1000,50.0,2,0.3,33.0,17.31,0.9059,0.953,116.1
2,1024,500,50.0,2,0.3,33.03,17.32,0.9057,0.9529,70.0
2,2048,1000,50.0,2,0.3,33.19,17.68,0.9048,0.9523,255.3
2,2048,300,50.0,2,0.3,33.21,17.75,0.9047,0.9522,74.7
2,2048,500,50.0,2,0.3,33.26,17.69,0.9044,0.952,124.1
3,1024,300,,1,0.3,33.33,16.98,0.904,0.952,37.1
3,2048,1000,50.0,1,0.3,33.34,17.14,0.9039,0.9518,283.4
3,2048,300,50.0,1,0.3,33.35,17.16,0.9039,0.9517,83.0
3,1024,1000,,1,0.3,33.41,16.96,0.9036,0.9518,116.9
3,1024,500,,1,0.3,33.43,16.99,0.9034,0.9517,61.5
3,2048,500,50.0,1,0.3,33.43,17.19,0.9034,0.9515,137.9
3,1024,1000,50.0,1,0.3,33.49,17.12,0.9031,0.9516,117.1
3,1024,500,50.0,1,0.3,33.55,17.14,0.9027,0.9514,63.5
3,2048,1000,,2,0.3,33.6,16.99,0.9025,0.9511,276.8
3,1024,300,50.0,1,0.3,33.64,17.21,0.9022,0.9511,36.5
3,2048,300,,2,0.3,33.71,17.02,0.9018,0.9507,96.7
3,2048,500,,2,0.3,33.74,17.01,0.9016,0.9506,136.8
2,2048,300,,1,sqrt,33.89,18.17,0.9008,0.9515,11.5
2,2048,1000,,1,sqrt,33.91,18.14,0.9006,0.9516,33.2
3,2048,300,50.0,2,0.3,33.91,17.76,0.9006,0.9503,76.5
2,2048,500,,1,sqrt,33.92,18.18,0.9005,0.9515,15.1
3,2048,500,50.0,2,0.3,33.99,17.74,0.9001,0.95,127.9
3,2048,1000,50.0,2,0.3,33.99,17.72,0.9002,0.95,267.5
2,1024,500,30.0,1,0.3,34.25,19.46,0.8986,0.9492,63.9
2,1024,1000,30.0,1,0.3,34.26,19.5,0.8986,0.9492,111.2
2,1024,300,30.0,1,0.3,34.31,19.53,0.8983,0.949,22.5
3,1024,1000,,2,0.3,34.45,17.67,0.8974,0.9489,110.6
3,1024,1000,30.0,1,0.3,34.47,18.88,0.8973,0.9489,110.8
3,1024,500,30.0,1,0.3,34.53,18.93,0.8969,0.9487,55.5
3,1024,500,,2,0.3,34.54,17.7,0.8969,0.9486,58.9
3,1024,1000,50.0,2,0.3,34.54,17.82,0.8969,0.9486,114.6
2,1024,1000,,1,sqrt,34.59,18.62,0.8966,0.9499,25.7
3,1024,300,30.0,1,0.3,34.61,18.96,0.8965,0.9484,33.4
3,1024,300,,2,0.3,34.61,17.73,0.8965,0.9484,35.9
3,1024,500,50.0,2,0.3,34.66,17.86,0.8962,0.9483,53.7
2,1024,300,,1,sqrt,34.68,18.73,0.8961,0.9497,3.8
2,1024,500,,1,sqrt,34.68,18.67,0.896,0.9496,6.9
3,1024,300,50.0,2,0.3,34.72,17.93,0.8958,0.9481,29.8
2,1024,300,30.0,2,0.3,35.01,20.02,0.894,0.947,22.5
2,1024,1000,30.0,2,0.3,35.01,20.04,0.8941,0.9471,116.6
2,1024,500,30.0,2,0.3,35.02,20.02,0.894,0.947,56.6
3,1024,1000,30.0,2,0.3,35.4,19.38,0.8917,0.9462,108.9
3,1024,300,30.0,2,0.3,35.5,19.37,0.8911,0.9458,33.1
2,1024,1000,50.0,1,sqrt,35.51,19.87,0.891,0.9474,22.2
3,1024,500,30.0,2,0.3,35.51,19.39,0.891,0.9458,52.5
2,1024,500,50.0,1,sqrt,35.51,19.89,0.891,0.9473,9.0
2,1024,300,50.0,1,sqrt,35.53,19.96,0.8909,0.9472,4.8
3,2048,1000,,1,sqrt,35.71,18.62,0.8898,0.947,35.5
3,2048,500,,1,sqrt,35.76,18.65,0.8895,0.9467,19.4
3,2048,300,,1,sqrt,35.8,18.73,0.8893,0.9466,14.8
3,2048,1000,30.0,1,0.3,36.03,20.84,0.8878,0.9437,250.6
3,2048,300,30.0,1,0.3,36.09,20.86,0.8875,0.9434,86.0
3,2048,500,30.0,1,0.3,36.13,20.86,0.8872,0.9433,123.5
2,2048,1000,30.0,1,0.3,36.29,21.46,0.8862,0.9425,214.7
2,2048,300,30.0,2,0.3,36.4,21.67,0.8855,0.9425,63.4
2,2048,500,30.0,1,0.3,36.4,21.51,0.8855,0.9421,109.1
2,2048,1000,30.0,2,0.3,36.41,21.66,0.8854,0.9424,229.4
2,2048,300,30.0,1,0.3,36.44,21.56,0.8853,0.942,81.1
3,2048,1000,30.0,2,0.3,36.46,21.16,0.8851,0.9424,228.3
2,2048,500,30.0,2,0.3,36.47,21.63,0.885,0.9422,109.1
3,2048,300,30.0,2,0.3,36.48,21.19,0.885,0.9424,75.7
3,1024,1000,,1,sqrt,36.51,19.44,0.8848,0.9449,17.3
3,2048,500,30.0,2,0.3,36.53,21.18,0.8847,0.9422,116.8
3,1024,300,,1,sqrt,36.54,19.43,0.8846,0.9448,6.3
3,1024,500,,1,sqrt,36.55,19.43,0.8845,0.9447,8.8
2,2048,1000,,5,0.3,36.71,20.59,0.8835,0.9419,232.7
2,2048,300,,5,0.3,36.72,20.6,0.8835,0.9418,85.2
2,2048,500,,5,0.3,36.74,20.61,0.8834,0.9418,113.1
2,2048,1000,50.0,1,sqrt,36.95,21.84,0.882,0.9429,32.8
2,2048,1000,50.0,5,0.3,37.0,21.06,0.8817,0.941,212.7
2,2048,300,50.0,5,0.3,37.03,21.04,0.8815,0.9409,67.8
2,2048,500,50.0,5,0.3,37.03,21.05,0.8815,0.9409,117.0
2,2048,500,50.0,1,sqrt,37.04,21.85,0.8814,0.9425,13.3
2,2048,300,50.0,1,sqrt,37.04,21.87,0.8815,0.9426,9.0
3,1024,1000,50.0,1,sqrt,37.05,20.03,0.8814,0.9433,20.9
3,1024,300,50.0,1,sqrt,37.05,20.04,0.8814,0.9432,5.0
3,1024,500,50.0,1,sqrt,37.08,20.07,0.8812,0.9432,8.7
2,2048,500,,1,log2,37.25,21.52,0.8801,0.9447,11.8
2,2048,1000,,1,log2,37.26,21.54,0.88,0.9449,21.0
2,1024,500,,5,0.3,37.29,21.06,0.8798,0.9403,59.4
2,1024,1000,,5,0.3,37.33,21.08,0.8796,0.9402,111.9
2,1024,500,50.0,5,0.3,37.34,21.18,0.8795,0.9401,56.8
2,1024,1000,50.0,5,0.3,37.34,21.18,0.8795,0.9402,111.3
2,1024,300,,5,0.3,37.38,21.13,0.8793,0.94,20.8
2,2048,300,,1,log2,37.39,21.67,0.8792,0.9443,7.6
2,1024,300,50.0,5,0.3,37.4,21.21,0.8791,0.9399,27.9
3,2048,1000,50.0,1,sqrt,37.46,21.11,0.8788,0.9418,31.2
3,2048,300,50.0,1,sqrt,37.5,21.16,0.8785,0.9416,7.7
3,2048,500,50.0,1,sqrt,37.5,21.11,0.8785,0.9416,15.6
3,2048,1000,,5,0.3,37.59,20.77,0.8779,0.9391,250.6
3,2048,300,,5,0.3,37.65,20.81,0.8775,0.9388,89.2
3,2048,500,,5,0.3,37.66,20.79,0.8774,0.9388,135.1
3,2048,1000,50.0,5,0.3,37.82,21.11,0.8764,0.9384,261.5
3,2048,300,50.0,5,0.3,37.82,21.15,0.8764,0.9384,75.4
2,1024,1000,,1,log2,37.83,21.85,0.8763,0.9433,12.3
3,2048,500,50.0,5,0.3,37.84,21.11,0.8762,0.9383,134.6
2,1024,300,,1,log2,37.89,21.97,0.8759,0.943,1.8
2,1024,500,,1,log2,37.95,21.93,0.8755,0.9428,4.6
3,1024,300,20.0,1,0.3,38.11,23.62,0.8745,0.9374,30.6
3,1024,500,20.0,1,0.3,38.13,23.61,0.8743,0.9374,47.6
3,1024,1000,20.0,1,0.3,38.16,23.64,0.8741,0.9373,102.8
3,1024,1000,50.0,5,0.3,38.39,21.51,0.8726,0.9371,103.9
3,1024,1000,,5,0.3,38.41,21.46,0.8725,0.937,109.4
3,1024,500,50.0,5,0.3,38.47,21.53,0.8721,0.9368,57.4
3,1024,500,,5,0.3,38.48,21.49,0.872,0.9367,50.1
2,1024,300,30.0,5,0.3,38.5,22.89,0.8719,0.9364,25.3
2,1024,500,30.0,5,0.3,38.51,22.85,0.8718,0.9363,57.7
3,1024,300,50.0,5,0.3,38.51,21.55,0.8718,0.9366,31.6
2,1024,1000,30.0,5,0.3,38.54,22.91,0.8716,0.9363,105.9
3,1024,300,,5,0.3,38.55,21.53,0.8716,0.9365,32.0
3,1024,300,20.0,2,0.3,38.63,23.71,0.8711,0.9359,30.7
3,1024,500,20.0,2,0.3,38.7,23.77,0.8706,0.9357,53.0
3,1024,1000,20.0,2,0.3,38.72,23.8,0.8704,0.9356,103.5
3,1024,300,30.0,5,0.3,39.02,22.41,0.8684,0.9351,31.4
3,1024,1000,30.0,5,0.3,39.02,22.44,0.8684,0.9351,105.1
3,1024,500,30.0,5,0.3,39.02,22.42,0.8684,0.9351,55.5
3,2048,500,,1,log2,39.07,21.83,0.8681,0.9396,7.7
2,1024,500,20.0,1,0.3,39.12,25.06,0.8677,0.9333,51.5
2,1024,300,20.0,1,0.3,39.13,25.13,0.8677,0.9333,18.5
2,1024,1000,20.0,1,0.3,39.15,25.11,0.8675,0.9332,81.1
3,2048,300,,1,log2,39.18,21.89,0.8673,0.9393,6.1
3,2048,1000,,1,log2,39.19,21.89,0.8673,0.9395,15.8
2,2048,1000,30.0,5,0.3,39.2,23.88,0.8672,0.9335,213.9
2,2048,500,30.0,5,0.3,39.21,23.84,0.8671,0.9335,108.4
2,2048,300,30.0,5,0.3,39.3,23.95,0.8665,0.9332,67.6
2,1024,300,20.0,2,0.3,39.4,25.3,0.8659,0.9327,22.1
2,1024,500,20.0,2,0.3,39.45,25.28,0.8655,0.9325,52.4
3,2048,500,30.0,5,0.3,39.51,23.49,0.8651,0.9326,123.3
2,1024,1000,20.0,2,0.3,39.51,25.31,0.8651,0.9323,99.1
3,2048,1000,30.0,5,0.3,39.54,23.53,0.8649,0.9326,234.7
3,2048,300,30.0,5,0.3,39.54,23.53,0.8649,0.9325,71.2
2,1024,300,,2,sqrt,39.77,23.46,0.8633,0.9358,3.2
2,1024,500,,2,sqrt,39.81,23.45,0.8631,0.9356,12.9
2,1024,1000,,2,sqrt,39.81,23.41,0.8631,0.9356,15.8
3,1024,1000,30.0,1,sqrt,40.19,24.03,0.8604,0.9336,17.5
3,1024,500,30.0,1,sqrt,40.22,24.08,0.8602,0.9335,11.1
3,1024,300,30.0,1,sqrt,40.23,24.12,0.8601,0.9334,5.4
2,2048,300,,2,sqrt,40.37,24.1,0.8592,0.9334,9.8
3,1024,500,,1,log2,40.37,22.71,0.8591,0.9359,4.8
3,1024,300,,1,log2,40.39,22.79,0.859,0.9359,4.1
2,2048,500,,2,sqrt,40.41,24.06,0.8588,0.9333,14.9
3,1024,1000,,1,log2,40.42,22.73,0.8588,0.9358,12.8
2,2048,1000,,2,sqrt,40.42,24.06,0.8588,0.9334,32.1
3,2048,500,,2,sqrt,40.44,23.02,0.8587,0.9332,16.7
2,1024,1000,30.0,1,sqrt,40.46,25.57,0.8585,0.9323,16.3
3,2048,1000,,2,sqrt,40.47,23.04,0.8585,0.9332,30.2
3,2048,300,,2,sqrt,40.48,23.05,0.8584,0.9331,9.1
2,1024,500,50.0,2,sqrt,40.53,24.28,0.858,0.9333,7.9
2,1024,1000,50.0,2,sqrt,40.55,24.26,0.8579,0.9331,18.4
2,1024,500,30.0,1,sqrt,40.57,25.63,0.8578,0.9319,8.4
2,1024,300,30.0,1,sqrt,40.61,25.73,0.8575,0.9317,4.0
2,1024,300,50.0,2,sqrt,40.61,24.3,0.8575,0.933,3.5
3,1024,1000,,2,sqrt,40.75,23.2,0.8565,0.9326,14.6
3,1024,500,,2,sqrt,40.83,23.22,0.8559,0.9322,7.9
3,1024,300,,2,sqrt,40.86,23.28,0.8557,0.9321,5.3
3,2048,300,20.0,1,0.3,40.9,26.26,0.8554,0.9269,73.4
3,2048,1000,20.0,1,0.3,40.94,26.3,0.8551,0.9268,204.5
3,1024,300,50.0,2,sqrt,40.95,23.64,0.8551,0.932,4.3
3,2048,500,20.0,1,0.3,40.96,26.28,0.855,0.9267,108.0
3,1024,1000,50.0,2,sqrt,40.98,23.57,0.8549,0.932,17.2
3,1024,500,50.0,2,sqrt,41.05,23.63,0.8544,0.9317,8.3
3,2048,300,20.0,2,0.3,41.13,26.4,0.8538,0.9264,75.0
3,2048,1000,20.0,2,0.3,41.17,26.42,0.8535,0.9262,206.8
3,2048,500,20.0,2,0.3,41.21,26.39,0.8532,0.9261,106.0
3,1024,1000,20.0,5,0.3,41.46,25.81,0.8515,0.9266,98.9
3,1024,500,20.0,5,0.3,41.49,25.77,0.8513,0.9264,47.2
3,1024,300,20.0,5,0.3,41.5,25.77,0.8511,0.9263,30.2
2,1024,300,50.0,1,log2,41.51,25.81,0.8511,0.9329,1.7
2,1024,1000,50.0,1,log2,41.53,25.85,0.8509,0.9331,9.9
2,1024,500,50.0,1,log2,41.58,25.86,0.8506,0.9329,4.6
3,2048,300,50.0,2,sqrt,41.75,24.69,0.8494,0.9286,11.7
3,2048,1000,50.0,2,sqrt,41.82,24.71,0.8488,0.9285,26.9
3,2048,500,50.0,2,sqrt,41.83,24.7,0.8488,0.9283,14.9
2,2048,1000,20.0,1,0.3,41.84,27.46,0.8487,0.9232,193.6
2,2048,500,20.0,1,0.3,41.85,27.42,0.8486,0.9231,91.8
2,2048,300,20.0,1,0.3,41.86,27.49,0.8486,0.923,68.8
2,1024,500,20.0,5,0.3,41.93,27.03,0.8481,0.924,52.9
2,1024,300,20.0,5,0.3,41.95,27.08,0.8479,0.9239,22.5
2,1024,1000,20.0,5,0.3,41.98,27.08,0.8477,0.9238,99.3
2,2048,500,20.0,2,0.3,42.02,27.57,0.8474,0.9228,93.5
2,2048,1000,20.0,2,0.3,42.03,27.63,0.8474,0.9228,172.1
2,2048,300,20.0,2,0.3,42.12,27.66,0.8467,0.9223,69.2
3,1024,1000,50.0,1,log2,42.19,24.66,0.8462,0.9305,10.5
2,2048,300,50.0,2,sqrt,42.2,26.23,0.8461,0.9273,11.0
2,2048,1000,50.0,2,sqrt,42.28,26.28,0.8455,0.927,25.6
2,2048,500,50.0,2,sqrt,42.28,26.3,0.8455,0.9269,12.7
3,1024,500,50.0,1,log2,42.29,24.75,0.8454,0.9301,4.9
3,1024,300,50.0,1,log2,42.51,24.91,0.8438,0.9294,3.2
3,1024,300,30.0,2,sqrt,43.27,26.49,0.8382,0.9243,4.9
3,1024,500,30.0,2,sqrt,43.29,26.51,0.838,0.9243,6.6
3,1024,1000,30.0,2,sqrt,43.29,26.52,0.838,0.9243,17.2
3,2048,300,20.0,5,0.3,43.39,28.01,0.8373,0.9182,76.8
3,2048,1000,20.0,5,0.3,43.42,28.03,0.8371,0.9181,196.9
3,2048,500,20.0,5,0.3,43.44,28.01,0.8369,0.9179,102.9
3,2048,300,30.0,1,sqrt,43.53,27.96,0.8363,0.9216,7.8
3,2048,500,30.0,1,sqrt,43.55,27.97,0.8361,0.9215,14.3
3,2048,1000,30.0,1,sqrt,43.6,28.07,0.8357,0.9215,21.2
2,2048,500,20.0,5,0.3,43.68,28.8,0.8351,0.9168,90.5
2,2048,1000,20.0,5,0.3,43.72,28.86,0.8348,0.9167,181.6
2,2048,300,20.0,5,0.3,43.79,28.91,0.8342,0.9163,69.7
2,1024,1000,30.0,2,sqrt,43.96,28.38,0.833,0.9215,14.1
2,1024,500,30.0,2,sqrt,43.96,28.39,0.833,0.9214,7.4
2,1024,300,30.0,2,sqrt,44.04,28.51,0.8324,0.9211,6.1
2,2048,500,30.0,1,sqrt,44.77,30.17,0.8268,0.9164,9.3
2,2048,1000,30.0,1,sqrt,44.77,30.15,0.8268,0.9166,28.0
2,2048,300,30.0,1,sqrt,44.85,30.25,0.8262,0.916,8.3
3,2048,300,50.0,1,log2,45.65,29.49,0.8199,0.9209,4.6
3,2048,500,50.0,1,log2,45.65,29.45,0.8199,0.9208,5.6
3,2048,1000,50.0,1,log2,45.73,29.53,0.8193,0.9208,14.3
3,2048,300,30.0,2,sqrt,46.32,30.18,0.8145,0.9123,4.8
3,2048,500,30.0,2,sqrt,46.37,30.23,0.8142,0.9122,9.4
3,2048,1000,30.0,2,sqrt,46.4,30.28,0.814,0.9122,24.0
3,1024,300,20.0,1,sqrt,47.17,31.95,0.8077,0.9094,4.0
3,1024,1000,20.0,1,sqrt,47.17,31.91,0.8077,0.9096,15.6
3,1024,500,20.0,1,sqrt,47.2,31.93,0.8075,0.9093,9.6
2,2048,500,50.0,1,log2,47.58,32.62,0.8044,0.9174,6.7
2,2048,300,50.0,1,log2,47.7,32.75,0.8034,0.9167,4.2
2,2048,1000,50.0,1,log2,47.72,32.83,0.8032,0.9176,17.0
2,2048,1000,30.0,2,sqrt,48.16,32.83,0.7995,0.9049,25.7
2,2048,500,30.0,2,sqrt,48.19,32.83,0.7993,0.9048,11.0
2,2048,300,30.0,2,sqrt,48.2,32.85,0.7992,0.9047,7.9
2,1024,500,20.0,1,sqrt,48.9,34.17,0.7933,0.9013,10.7
2,1024,1000,,5,sqrt,48.9,31.63,0.7934,0.9052,13.4
2,1024,300,,5,sqrt,48.91,31.72,0.7933,0.9053,3.6
2,1024,500,,5,sqrt,48.91,31.67,0.7933,0.9052,7.9
2,1024,300,20.0,1,sqrt,48.96,34.24,0.7929,0.9011,5.8
2,1024,1000,20.0,1,sqrt,49.0,34.22,0.7925,0.901,15.4
3,1024,1000,20.0,2,sqrt,49.08,33.24,0.7918,0.903,11.4
3,1024,500,20.0,2,sqrt,49.15,33.29,0.7912,0.9026,5.4
3,1024,300,20.0,2,sqrt,49.16,33.37,0.7911,0.9024,3.8
2,1024,1000,50.0,5,sqrt,49.18,31.85,0.791,0.9042,17.9
2,1024,300,50.0,5,sqrt,49.2,31.88,0.7908,0.904,4.1
3,2048,300,,5,sqrt,49.21,31.28,0.7907,0.9041,8.2
2,1024,500,50.0,5,sqrt,49.21,31.89,0.7907,0.904,8.8
3,2048,500,,5,sqrt,49.25,31.26,0.7904,0.9038,9.7
3,1024,1000,30.0,1,log2,49.28,33.22,0.7901,0.9094,6.8
3,1024,500,30.0,1,log2,49.35,33.24,0.7895,0.9087,3.9
3,2048,1000,,5,sqrt,49.36,31.34,0.7894,0.9037,18.0
3,1024,1000,,5,sqrt,49.36,31.14,0.7894,0.9044,12.9
3,1024,1000,50.0,5,sqrt,49.4,31.24,0.7891,0.9042,16.2
3,1024,500,,5,sqrt,49.41,31.19,0.789,0.9041,6.5
3,1024,300,30.0,1,log2,49.43,33.35,0.7888,0.9083,2.5
3,1024,300,50.0,5,sqrt,49.46,31.28,0.7886,0.9037,7.9
3,1024,500,50.0,5,sqrt,49.48,31.28,0.7884,0.9036,6.8
3,1024,300,,5,sqrt,49.49,31.29,0.7883,0.9037,4.2
2,2048,500,,5,sqrt,49.6,32.48,0.7874,0.9025,17.1
2,2048,1000,,5,sqrt,49.6,32.5,0.7873,0.9027,27.9
2,2048,300,,5,sqrt,49.67,32.5,0.7868,0.9021,8.5
3,2048,300,50.0,5,sqrt,49.95,32.04,0.7844,0.9009,5.9
3,2048,500,50.0,5,sqrt,49.97,32.05,0.7842,0.9007,16.4
3,2048,1000,50.0,5,sqrt,49.98,32.07,0.7841,0.901,26.7
2,2048,1000,50.0,5,sqrt,50.36,33.37,0.7808,0.8991,28.0
2,2048,300,50.0,5,sqrt,50.37,33.39,0.7807,0.8989,6.7
2,2048,500,50.0,5,sqrt,50.39,33.39,0.7806,0.8989,11.4
3,1024,500,30.0,5,sqrt,50.65,32.81,0.7783,0.8989,6.5
3,1024,300,30.0,5,sqrt,50.69,32.84,0.7779,0.8986,4.2
3,1024,1000,30.0,5,sqrt,50.7,32.83,0.7779,0.8987,12.0
2,1024,500,20.0,2,sqrt,50.85,35.69,0.7765,0.8942,7.6
2,1024,1000,20.0,2,sqrt,50.92,35.71,0.7759,0.894,16.0
2,1024,300,20.0,2,sqrt,51.0,35.84,0.7752,0.8934,2.2
2,1024,1000,30.0,5,sqrt,51.09,34.15,0.7744,0.8958,13.8
2,1024,500,30.0,5,sqrt,51.19,34.23,0.7735,0.8953,7.0
2,1024,300,30.0,5,sqrt,51.33,34.37,0.7723,0.8948,2.3
2,1024,1000,30.0,1,log2,51.88,36.74,0.7674,0.9033,11.4
2,1024,300,30.0,1,log2,51.92,36.74,0.767,0.9038,2.7
2,1024,500,30.0,1,log2,51.97,36.77,0.7666,0.9032,4.4
3,2048,300,20.0,1,sqrt,52.12,37.04,0.7653,0.8879,10.5
3,2048,500,20.0,1,sqrt,52.18,37.04,0.7647,0.8876,8.4
3,2048,1000,20.0,1,sqrt,52.32,37.2,0.7634,0.8875,21.7
3,2048,300,30.0,5,sqrt,52.68,35.38,0.7601,0.8888,6.3
3,2048,500,30.0,5,sqrt,52.73,35.41,0.7597,0.8885,9.4
3,2048,1000,30.0,5,sqrt,52.76,35.45,0.7594,0.8886,23.4
3,1024,1000,,2,log2,53.51,35.8,0.7525,0.8999,10.3
3,1024,500,,2,log2,53.59,35.84,0.7518,0.8994,3.9
3,2048,300,20.0,2,sqrt,53.64,38.08,0.7514,0.882,6.0
3,2048,500,20.0,2,sqrt,53.65,38.1,0.7512,0.882,7.8
3,1024,300,,2,log2,53.7,35.95,0.7508,0.8989,5.6
3,2048,1000,20.0,2,sqrt,53.82,38.28,0.7497,0.8816,16.7
2,2048,300,30.0,5,sqrt,53.85,37.34,0.7494,0.8835,6.2
2,2048,500,30.0,5,sqrt,53.86,37.33,0.7493,0.8833,10.2
2,2048,1000,30.0,5,sqrt,53.91,37.38,0.7489,0.8832,20.8
3,1024,500,50.0,2,log2,54.07,36.42,0.7474,0.8974,4.0
3,1024,1000,50.0,2,log2,54.1,36.44,0.7471,0.8974,7.2
3,1024,300,50.0,2,log2,54.21,36.53,0.746,0.8964,5.6
2,2048,300,20.0,1,sqrt,54.23,39.34,0.7459,0.8769,6.2
2,2048,500,20.0,1,sqrt,54.24,39.33,0.7458,0.877,10.3
2,2048,1000,20.0,1,sqrt,54.28,39.38,0.7454,0.8769,17.5
3,1024,300,20.0,5,sqrt,54.37,37.25,0.7445,0.8824,4.1
3,1024,500,20.0,5,sqrt,54.42,37.29,0.744,0.8822,6.9
3,1024,1000,20.0,5,sqrt,54.43,37.3,0.744,0.8824,11.6
2,1024,1000,,2,log2,55.34,38.5,0.7353,0.8975,6.8
2,1024,500,,2,log2,55.36,38.48,0.7351,0.897,6.9
2,1024,300,,2,log2,55.38,38.53,0.7349,0.8973,1.2
2,1024,1000,20.0,5,sqrt,55.76,39.26,0.7313,0.8742,11.5
2,2048,300,20.0,2,sqrt,55.78,40.53,0.7311,0.8708,5.9
2,1024,500,20.0,5,sqrt,55.79,39.28,0.731,0.8738,7.4
2,1024,300,20.0,5,sqrt,55.88,39.34,0.7301,0.8731,2.0
2,2048,500,20.0,2,sqrt,55.89,40.59,0.7301,0.8704,8.6
2,2048,1000,20.0,2,sqrt,55.93,40.65,0.7296,0.8703,15.7
2,1024,300,50.0,2,log2,56.36,39.64,0.7255,0.8922,1.2
2,1024,500,50.0,2,log2,56.36,39.59,0.7255,0.8921,4.8
2,1024,1000,50.0,2,log2,56.39,39.64,0.7252,0.8926,6.9
3,2048,500,30.0,1,log2,57.44,42.02,0.7149,0.8843,6.1
3,2048,1000,30.0,1,log2,57.49,42.05,0.7143,0.8852,11.9
3,2048,300,30.0,1,log2,57.61,42.17,0.7131,0.8841,3.0
3,2048,300,20.0,5,sqrt,57.82,41.13,0.7111,0.8645,6.9
3,2048,500,20.0,5,sqrt,57.84,41.17,0.7109,0.8643,7.9
3,2048,1000,,2,log2,57.91,40.42,0.7101,0.8922,8.9
3,2048,500,,2,log2,57.92,40.34,0.7101,0.8916,4.9
3,1024,1000,30.0,2,log2,57.95,40.93,0.7098,0.8822,5.8
3,1024,500,30.0,2,log2,57.99,40.95,0.7094,0.8817,6.5
3,2048,1000,20.0,5,sqrt,58.04,41.32,0.7088,0.8635,21.0
3,2048,300,,2,log2,58.09,40.47,0.7084,0.8913,2.9
3,1024,300,30.0,2,log2,58.11,41.09,0.7082,0.8809,2.2
2,2048,300,20.0,5,sqrt,59.54,43.2,0.6936,0.8542,6.4
2,2048,500,20.0,5,sqrt,59.63,43.29,0.6927,0.8538,7.9
2,2048,1000,20.0,5,sqrt,59.64,43.34,0.6926,0.8541,20.1
3,1024,500,20.0,1,log2,60.13,44.51,0.6875,0.873,3.2
3,1024,300,20.0,1,log2,60.32,44.75,0.6855,0.8729,2.1
3,1024,1000,20.0,1,log2,60.34,44.71,0.6853,0.8728,5.4
2,2048,500,,2,log2,60.48,43.42,0.6838,0.8864,4.2
2,2048,1000,,2,log2,60.55,43.53,0.6831,0.8866,7.8
2,2048,300,,2,log2,60.64,43.57,0.6822,0.8866,3.0
3,2048,500,50.0,2,log2,60.67,43.34,0.6819,0.8795,4.8
3,2048,1000,50.0,2,log2,60.68,43.37,0.6818,0.8797,8.5
3,2048,300,50.0,2,log2,60.8,43.38,0.6805,0.879,3.1
2,2048,500,30.0,1,log2,61.12,45.67,0.6771,0.8797,7.1
2,2048,300,30.0,1,log2,61.21,45.78,0.6762,0.8789,3.3
2,1024,300,30.0,2,log2,61.29,44.71,0.6753,0.8744,1.0
2,1024,500,30.0,2,log2,61.38,44.73,0.6744,0.8738,4.1
2,2048,1000,30.0,1,log2,61.44,46.0,0.6738,0.8815,9.1
2,1024,1000,30.0,2,log2,61.47,44.81,0.6735,0.8736,7.0
2,2048,500,50.0,2,log2,63.78,46.7,0.6484,0.8739,4.4
2,2048,300,50.0,2,log2,63.93,46.85,0.6468,0.8732,2.9
2,1024,500,20.0,1,log2,63.93,47.94,0.6468,0.867,3.7
2,1024,300,20.0,1,log2,63.97,48.04,0.6464,0.868,1.0
2,1024,1000,20.0,1,log2,64.03,48.06,0.6457,0.868,6.4
2,2048,1000,50.0,2,log2,64.06,46.97,0.6453,0.8732,12.3
3,1024,500,20.0,2,log2,65.15,48.36,0.6332,0.8544,2.7
3,1024,1000,20.0,2,log2,65.2,48.39,0.6326,0.8538,5.0
3,1024,1000,,5,log2,65.25,46.48,0.6321,0.8579,6.1
3,1024,500,,5,log2,65.26,46.49,0.632,0.8571,3.2
3,1024,300,20.0,2,log2,65.3,48.57,0.6315,0.8547,1.9
3,1024,300,50.0,5,log2,65.41,46.76,0.6302,0.8569,2.3
3,1024,300,,5,log2,65.44,46.64,0.6299,0.8566,2.4
3,1024,500,50.0,5,log2,65.45,46.79,0.6298,0.8572,3.3
3,1024,1000,50.0,5,log2,65.47,46.78,0.6295,0.8574,6.1
3,2048,500,30.0,2,log2,66.99,49.88,0.6122,0.8548,7.8
3,2048,1000,30.0,2,log2,66.99,49.85,0.6122,0.8548,8.1
2,1024,300,,5,log2,67.23,48.58,0.6093,0.8526,1.0
2,1024,300,50.0,5,log2,67.28,48.69,0.6088,0.8525,1.1
2,1024,500,,5,log2,67.32,48.61,0.6083,0.8531,3.7
2,1024,1000,,5,log2,67.32,48.65,0.6083,0.8544,6.0
3,1024,1000,30.0,5,log2,67.36,48.85,0.6079,0.846,5.1
3,2048,300,30.0,2,log2,67.38,50.18,0.6076,0.8556,1.3
3,1024,500,30.0,5,log2,67.41,48.93,0.6072,0.8452,2.5
3,1024,300,30.0,5,log2,67.42,48.98,0.6071,0.8448,2.0
2,1024,1000,50.0,5,log2,67.48,48.85,0.6065,0.8536,6.1
2,1024,500,50.0,5,log2,67.52,48.84,0.606,0.8529,8.4
2,1024,300,20.0,2,log2,69.05,51.77,0.588,0.8477,1.0
3,2048,500,20.0,1,log2,69.11,52.82,0.5873,0.8499,4.3
2,1024,500,20.0,2,log2,69.2,51.81,0.5862,0.8466,6.6
2,1024,1000,20.0,2,log2,69.36,51.99,0.5842,0.8464,5.4
3,2048,1000,20.0,1,log2,69.37,53.01,0.5841,0.8507,7.4
3,2048,300,20.0,1,log2,69.44,53.13,0.5833,0.8503,2.1
3,2048,1000,,5,log2,69.69,50.47,0.5803,0.8513,4.9
3,2048,500,,5,log2,69.76,50.54,0.5794,0.8512,5.5
2,1024,300,30.0,5,log2,70.07,51.35,0.5757,0.8404,2.4
2,1024,1000,30.0,5,log2,70.1,51.42,0.5753,0.8412,5.6
3,2048,300,,5,log2,70.12,50.77,0.5751,0.85,2.9
2,1024,500,30.0,5,log2,70.18,51.4,0.5743,0.8401,3.5
3,2048,1000,50.0,5,log2,70.83,51.73,0.5665,0.8435,7.8
3,2048,500,50.0,5,log2,70.83,51.72,0.5665,0.8446,4.8
3,2048,300,50.0,5,log2,71.09,51.93,0.5633,0.8447,2.3
2,2048,500,30.0,2,log2,71.13,53.24,0.5628,0.8498,4.4
2,2048,500,,5,log2,71.31,52.22,0.5606,0.8448,4.8
2,2048,1000,30.0,2,log2,71.36,53.47,0.5599,0.8514,8.8
3,1024,500,20.0,5,log2,71.4,53.13,0.5595,0.825,3.0
3,1024,1000,20.0,5,log2,71.41,53.12,0.5593,0.8269,9.1
2,2048,1000,,5,log2,71.47,52.41,0.5586,0.845,9.3
3,1024,300,20.0,5,log2,71.51,53.3,0.5581,0.8251,2.1
2,2048,300,30.0,2,log2,71.51,53.5,0.558,0.8495,2.0
2,2048,300,,5,log2,71.64,52.49,0.5564,0.8439,2.6
2,2048,500,50.0,5,log2,72.45,53.38,0.5464,0.8398,4.6
2,2048,300,50.0,5,log2,72.58,53.54,0.5447,0.8376,2.6
2,2048,1000,50.0,5,log2,72.7,53.7,0.5432,0.8396,8.0
2,2048,500,20.0,1,log2,73.35,55.95,0.5351,0.8508,7.8
2,2048,1000,20.0,1,log2,73.59,56.24,0.532,0.8526,7.3
2,2048,300,20.0,1,log2,73.84,56.33,0.5288,0.8497,2.5
3,2048,500,20.0,2,log2,74.2,56.42,0.5242,0.8274,2.9
3,2048,500,30.0,5,log2,74.46,55.43,0.5208,0.8245,4.2
3,2048,1000,20.0,2,log2,74.47,56.64,0.5207,0.828,10.4
3,2048,1000,30.0,5,log2,74.51,55.48,0.5202,0.8271,6.6
3,2048,300,20.0,2,log2,74.55,56.77,0.5197,0.8274,2.1
2,1024,500,20.0,5,log2,74.7,55.77,0.5177,0.8234,3.2
3,2048,300,30.0,5,log2,74.8,55.7,0.5165,0.826,2.1
2,1024,300,20.0,5,log2,74.84,55.89,0.5159,0.8243,2.3
2,1024,1000,20.0,5,log2,74.85,55.92,0.5158,0.8237,6.2
2,2048,500,30.0,5,log2,76.79,57.28,0.4903,0.8237,7.8
2,2048,1000,30.0,5,log2,77.06,57.6,0.4868,0.8249,7.8
2,2048,300,30.0,5,log2,77.15,57.58,0.4856,0.8236,2.7
2,2048,500,20.0,2,log2,78.53,59.49,0.467,0.8283,7.3
2,2048,300,20.0,2,log2,78.88,59.8,0.4623,0.8274,2.6
2,2048,1000,20.0,2,log2,78.89,59.88,0.4622,0.8321,12.4
3,2048,500,20.0,5,log2,79.42,60.0,0.4549,0.8074,4.2
3,2048,1000,20.0,5,log2,79.57,60.13,0.4528,0.8072,6.2
3,2048,300,20.0,5,log2,79.8,60.3,0.4496,0.8078,2.3
2,2048,500,20.0,5,log2,82.16,62.01,0.4167,0.8078,7.4
2,2048,1000,20.0,5,log2,82.59,62.43,0.4105,0.812,5.7
2,2048,300,20.0,5,log2,82.87,62.58,0.4065,0.8081,2.0
